date,city,state,temperature_c,humidity_pct,wind_speed_kmh,precipitation_mm,condition,year,month,month_name,day_name,temperature_f,heat_index_proxy
2026-01-01,Bengaluru,Karnataka,27.9,67.1,13.1,2.7,Partly Cloudy,2026,1,January,Thursday,82.22,31.26
2026-01-01,Hyderabad,Telangana,31.5,59.1,11.8,2.2,Clear,2026,1,January,Thursday,88.7,34.46
2026-01-01,Chennai,Tamil Nadu,31.3,69.1,15.7,2.5,Cloudy,2026,1,January,Thursday,88.34,34.76
2026-01-01,Pune,Maharashtra,28.8,62.6,7.9,0.9,Sunny,2026,1,January,Thursday,83.84,31.93
2026-01-01,Mumbai,Maharashtra,30.7,84.3,16.6,7.3,Humid,2026,1,January,Thursday,87.26,34.92
2026-01-01,Delhi,Delhi,36.4,45.7,14.6,0.7,Clear,2026,1,January,Thursday,97.52,38.68
2026-01-01,Kolkata,West Bengal,31.3,75.6,8.6,14.5,Rain,2026,1,January,Thursday,88.34,35.08
2026-01-01,Ahmedabad,Gujarat,33.8,46.1,20.0,0.3,Sunny,2026,1,January,Thursday,92.84,36.1
2026-01-01,Jaipur,Rajasthan,36.2,35.9,12.9,0.1,Clear,2026,1,January,Thursday,97.16,38.0
2026-01-01,Kochi,Kerala,30.2,83.0,10.0,14.6,Rain,2026,1,January,Thursday,86.36,34.35
2026-01-02,Bengaluru,Karnataka,28.5,69.2,14.0,8.8,Partly Cloudy,2026,1,January,Friday,83.3,31.96
2026-01-02,Hyderabad,Telangana,30.5,62.0,14.7,3.4,Clear,2026,1,January,Friday,86.9,33.6
2026-01-02,Chennai,Tamil Nadu,34.2,67.0,21.2,2.8,Cloudy,2026,1,January,Friday,93.56,37.55
2026-01-02,Pune,Maharashtra,28.9,61.6,8.1,1.4,Sunny,2026,1,January,Friday,84.02,31.98
2026-01-02,Mumbai,Maharashtra,28.5,80.4,17.7,9.5,Humid,2026,1,January,Friday,83.3,32.52
2026-01-02,Delhi,Delhi,36.1,49.4,13.6,1.2,Clear,2026,1,January,Friday,96.98,38.57
2026-01-02,Kolkata,West Bengal,33.1,80.4,11.7,16.3,Rain,2026,1,January,Friday,91.58,37.12
2026-01-02,Ahmedabad,Gujarat,35.1,47.3,16.6,0.4,Sunny,2026,1,January,Friday,95.18,37.47
2026-01-02,Jaipur,Rajasthan,36.7,48.9,17.4,0.1,Clear,2026,1,January,Friday,98.06,39.15
2026-01-02,Kochi,Kerala,29.1,86.4,8.2,12.3,Rain,2026,1,January,Friday,84.38,33.42
2026-01-03,Bengaluru,Karnataka,27.5,66.6,9.6,9.4,Partly Cloudy,2026,1,January,Saturday,81.5,30.83
2026-01-03,Hyderabad,Telangana,30.1,57.5,13.8,3.4,Clear,2026,1,January,Saturday,86.18,32.98
2026-01-03,Chennai,Tamil Nadu,31.7,69.3,18.6,9.4,Cloudy,2026,1,January,Saturday,89.06,35.16
2026-01-03,Pune,Maharashtra,30.6,63.1,8.9,1.3,Sunny,2026,1,January,Saturday,87.08,33.76
2026-01-03,Mumbai,Maharashtra,29.8,83.4,18.8,4.3,Humid,2026,1,January,Saturday,85.64,33.97
2026-01-03,Delhi,Delhi,33.4,48.2,10.8,1.0,Clear,2026,1,January,Saturday,92.12,35.81
2026-01-03,Kolkata,West Bengal,33.3,77.7,6.7,8.8,Rain,2026,1,January,Saturday,91.94,37.18
2026-01-03,Ahmedabad,Gujarat,34.8,45.9,21.9,0.4,Sunny,2026,1,January,Saturday,94.64,37.1
2026-01-03,Jaipur,Rajasthan,36.3,43.6,16.6,0.1,Clear,2026,1,January,Saturday,97.34,38.48
2026-01-03,Kochi,Kerala,31.3,87.9,13.3,18.6,Rain,2026,1,January,Saturday,88.34,35.7
2026-01-04,Bengaluru,Karnataka,28.5,70.6,9.8,8.1,Partly Cloudy,2026,1,January,Sunday,83.3,32.03
2026-01-04,Hyderabad,Telangana,29.9,54.9,12.8,1.1,Clear,2026,1,January,Sunday,85.82,32.64
2026-01-04,Chennai,Tamil Nadu,32.9,63.7,15.3,3.1,Cloudy,2026,1,January,Sunday,91.22,36.08
2026-01-04,Pune,Maharashtra,27.8,56.1,7.4,2.3,Sunny,2026,1,January,Sunday,82.04,30.6
2026-01-04,Mumbai,Maharashtra,30.9,73.1,14.6,6.7,Humid,2026,1,January,Sunday,87.62,34.56
2026-01-04,Delhi,Delhi,34.2,46.7,14.5,1.8,Clear,2026,1,January,Sunday,93.56,36.54
2026-01-04,Kolkata,West Bengal,32.9,80.8,7.2,4.3,Rain,2026,1,January,Sunday,91.22,36.94
2026-01-04,Ahmedabad,Gujarat,34.8,41.7,21.2,0.2,Sunny,2026,1,January,Sunday,94.64,36.88
2026-01-04,Jaipur,Rajasthan,34.4,48.3,15.7,0.1,Clear,2026,1,January,Sunday,93.92,36.82
2026-01-04,Kochi,Kerala,30.0,77.4,11.3,21.9,Rain,2026,1,January,Sunday,86.0,33.87
2026-01-05,Bengaluru,Karnataka,30.4,74.7,10.8,5.5,Partly Cloudy,2026,1,January,Monday,86.72,34.14
2026-01-05,Hyderabad,Telangana,30.5,64.8,14.7,3.1,Clear,2026,1,January,Monday,86.9,33.74
2026-01-05,Chennai,Tamil Nadu,32.9,66.1,20.2,10.3,Cloudy,2026,1,January,Monday,91.22,36.2
2026-01-05,Pune,Maharashtra,30.9,62.3,12.1,2.0,Sunny,2026,1,January,Monday,87.62,34.02
2026-01-05,Mumbai,Maharashtra,29.5,78.2,15.2,2.8,Humid,2026,1,January,Monday,85.1,33.41
2026-01-05,Delhi,Delhi,33.0,48.9,11.0,1.3,Clear,2026,1,January,Monday,91.4,35.44
2026-01-05,Kolkata,West Bengal,34.9,80.3,12.3,16.9,Rain,2026,1,January,Monday,94.82,38.92
2026-01-05,Ahmedabad,Gujarat,37.3,43.1,17.5,0.2,Sunny,2026,1,January,Monday,99.14,39.46
2026-01-05,Jaipur,Rajasthan,35.2,37.9,16.2,0.3,Clear,2026,1,January,Monday,95.36,37.1
2026-01-05,Kochi,Kerala,31.3,83.7,12.0,18.6,Rain,2026,1,January,Monday,88.34,35.48
2026-01-06,Bengaluru,Karnataka,27.4,74.2,14.7,9.6,Partly Cloudy,2026,1,January,Tuesday,81.32,31.11
2026-01-06,Hyderabad,Telangana,32.9,60.7,12.6,3.1,Clear,2026,1,January,Tuesday,91.22,35.94
2026-01-06,Chennai,Tamil Nadu,33.0,74.2,21.1,5.2,Cloudy,2026,1,January,Tuesday,91.4,36.71
2026-01-06,Pune,Maharashtra,29.2,64.3,11.5,0.8,Sunny,2026,1,January,Tuesday,84.56,32.42
2026-01-06,Mumbai,Maharashtra,29.2,73.1,18.5,12.4,Humid,2026,1,January,Tuesday,84.56,32.85
2026-01-06,Delhi,Delhi,33.6,56.6,15.3,1.3,Clear,2026,1,January,Tuesday,92.48,36.43
2026-01-06,Kolkata,West Bengal,32.6,81.7,7.5,3.1,Rain,2026,1,January,Tuesday,90.68,36.68
2026-01-06,Ahmedabad,Gujarat,37.5,47.1,19.4,0.5,Sunny,2026,1,January,Tuesday,99.5,39.85
2026-01-06,Jaipur,Rajasthan,36.2,47.2,17.5,0.1,Clear,2026,1,January,Tuesday,97.16,38.56
2026-01-06,Kochi,Kerala,29.0,81.1,9.5,14.6,Rain,2026,1,January,Tuesday,84.2,33.06
2026-01-07,Bengaluru,Karnataka,28.2,70.9,10.0,10.8,Partly Cloudy,2026,1,January,Wednesday,82.76,31.74
2026-01-07,Hyderabad,Telangana,31.4,60.4,15.0,3.5,Clear,2026,1,January,Wednesday,88.52,34.42
2026-01-07,Chennai,Tamil Nadu,33.5,75.8,18.3,6.4,Cloudy,2026,1,January,Wednesday,92.3,37.29
2026-01-07,Pune,Maharashtra,29.8,51.3,9.8,0.8,Sunny,2026,1,January,Wednesday,85.64,32.36
2026-01-07,Mumbai,Maharashtra,28.8,82.2,14.1,8.3,Humid,2026,1,January,Wednesday,83.84,32.91
2026-01-07,Delhi,Delhi,36.0,52.8,11.4,1.1,Clear,2026,1,January,Wednesday,96.8,38.64
2026-01-07,Kolkata,West Bengal,33.5,85.0,7.3,10.8,Rain,2026,1,January,Wednesday,92.3,37.75
2026-01-07,Ahmedabad,Gujarat,34.7,41.9,20.8,0.3,Sunny,2026,1,January,Wednesday,94.46,36.8
2026-01-07,Jaipur,Rajasthan,36.8,45.6,18.0,0.2,Clear,2026,1,January,Wednesday,98.24,39.08
2026-01-07,Kochi,Kerala,30.5,84.1,11.2,16.6,Rain,2026,1,January,Wednesday,86.9,34.7
2026-01-08,Bengaluru,Karnataka,29.1,72.5,12.1,11.1,Partly Cloudy,2026,1,January,Thursday,84.38,32.72
2026-01-08,Hyderabad,Telangana,32.9,66.3,17.2,1.4,Clear,2026,1,January,Thursday,91.22,36.21
2026-01-08,Chennai,Tamil Nadu,34.1,76.2,20.3,2.9,Cloudy,2026,1,January,Thursday,93.38,37.91
2026-01-08,Pune,Maharashtra,28.3,57.2,7.6,0.9,Sunny,2026,1,January,Thursday,82.94,31.16
2026-01-08,Mumbai,Maharashtra,29.2,80.4,17.8,13.5,Humid,2026,1,January,Thursday,84.56,33.22
2026-01-08,Delhi,Delhi,33.8,55.0,13.4,0.5,Clear,2026,1,January,Thursday,92.84,36.55
2026-01-08,Kolkata,West Bengal,34.9,87.5,8.0,16.4,Rain,2026,1,January,Thursday,94.82,39.28
2026-01-08,Ahmedabad,Gujarat,35.4,44.8,22.1,0.5,Sunny,2026,1,January,Thursday,95.72,37.64
2026-01-08,Jaipur,Rajasthan,35.3,41.0,15.6,0.2,Clear,2026,1,January,Thursday,95.54,37.35
2026-01-08,Kochi,Kerala,29.0,81.5,12.4,4.1,Rain,2026,1,January,Thursday,84.2,33.08
2026-01-09,Bengaluru,Karnataka,29.6,71.2,9.3,5.2,Partly Cloudy,2026,1,January,Friday,85.28,33.16
2026-01-09,Hyderabad,Telangana,32.7,61.2,11.9,3.7,Clear,2026,1,January,Friday,90.86,35.76
2026-01-09,Chennai,Tamil Nadu,35.1,76.6,15.9,4.1,Cloudy,2026,1,January,Friday,95.18,38.93
2026-01-09,Pune,Maharashtra,28.0,61.9,8.8,0.7,Sunny,2026,1,January,Friday,82.4,31.1
2026-01-09,Mumbai,Maharashtra,30.7,83.8,18.0,5.6,Humid,2026,1,January,Friday,87.26,34.89
2026-01-09,Delhi,Delhi,33.9,57.9,12.8,1.4,Clear,2026,1,January,Friday,93.02,36.8
2026-01-09,Kolkata,West Bengal,31.8,74.8,10.8,8.9,Rain,2026,1,January,Friday,89.24,35.54
2026-01-09,Ahmedabad,Gujarat,34.2,51.1,20.0,0.5,Sunny,2026,1,January,Friday,93.56,36.76
2026-01-09,Jaipur,Rajasthan,35.1,47.0,12.9,0.3,Clear,2026,1,January,Friday,95.18,37.45
2026-01-09,Kochi,Kerala,30.1,81.7,11.4,21.0,Rain,2026,1,January,Friday,86.18,34.18
2026-01-10,Bengaluru,Karnataka,28.5,66.8,12.4,4.3,Partly Cloudy,2026,1,January,Saturday,83.3,31.84
2026-01-10,Hyderabad,Telangana,30.7,56.3,11.8,1.3,Clear,2026,1,January,Saturday,87.26,33.52
2026-01-10,Chennai,Tamil Nadu,33.3,67.3,19.9,4.3,Cloudy,2026,1,January,Saturday,91.94,36.66
2026-01-10,Pune,Maharashtra,30.0,53.5,9.3,0.5,Sunny,2026,1,January,Saturday,86.0,32.67
2026-01-10,Mumbai,Maharashtra,30.1,71.2,17.5,9.2,Humid,2026,1,January,Saturday,86.18,33.66
2026-01-10,Delhi,Delhi,34.1,51.6,15.0,0.5,Clear,2026,1,January,Saturday,93.38,36.68
2026-01-10,Kolkata,West Bengal,34.8,80.1,9.7,14.7,Rain,2026,1,January,Saturday,94.64,38.8
2026-01-10,Ahmedabad,Gujarat,35.5,45.1,20.3,0.5,Sunny,2026,1,January,Saturday,95.9,37.76
2026-01-10,Jaipur,Rajasthan,36.2,46.7,16.7,0.3,Clear,2026,1,January,Saturday,97.16,38.54
2026-01-10,Kochi,Kerala,30.0,81.9,8.4,6.1,Rain,2026,1,January,Saturday,86.0,34.1
2026-01-11,Bengaluru,Karnataka,27.8,75.4,10.7,3.5,Partly Cloudy,2026,1,January,Sunday,82.04,31.57
2026-01-11,Hyderabad,Telangana,30.7,65.8,16.7,2.7,Clear,2026,1,January,Sunday,87.26,33.99
2026-01-11,Chennai,Tamil Nadu,33.3,66.4,17.1,5.7,Cloudy,2026,1,January,Sunday,91.94,36.62
2026-01-11,Pune,Maharashtra,28.7,57.2,8.8,2.4,Sunny,2026,1,January,Sunday,83.66,31.56
2026-01-11,Mumbai,Maharashtra,33.0,78.7,14.6,14.3,Humid,2026,1,January,Sunday,91.4,36.94
2026-01-11,Delhi,Delhi,34.7,50.0,9.4,0.9,Clear,2026,1,January,Sunday,94.46,37.2
2026-01-11,Kolkata,West Bengal,33.6,81.0,7.9,10.0,Rain,2026,1,January,Sunday,92.48,37.65
2026-01-11,Ahmedabad,Gujarat,34.1,41.7,16.7,0.3,Sunny,2026,1,January,Sunday,93.38,36.18
2026-01-11,Jaipur,Rajasthan,35.1,35.3,14.3,0.1,Clear,2026,1,January,Sunday,95.18,36.86
2026-01-11,Kochi,Kerala,30.8,84.4,12.6,16.0,Rain,2026,1,January,Sunday,87.44,35.02
2026-01-12,Bengaluru,Karnataka,30.5,77.3,11.5,5.1,Partly Cloudy,2026,1,January,Monday,86.9,34.36
2026-01-12,Hyderabad,Telangana,34.4,56.1,15.8,2.7,Clear,2026,1,January,Monday,93.92,37.2
2026-01-12,Chennai,Tamil Nadu,32.4,74.7,20.7,7.2,Cloudy,2026,1,January,Monday,90.32,36.14
2026-01-12,Pune,Maharashtra,31.1,62.4,8.0,1.5,Sunny,2026,1,January,Monday,87.98,34.22
2026-01-12,Mumbai,Maharashtra,31.3,82.7,17.9,12.6,Humid,2026,1,January,Monday,88.34,35.44
2026-01-12,Delhi,Delhi,35.9,57.5,13.5,1.3,Clear,2026,1,January,Monday,96.62,38.78
2026-01-12,Kolkata,West Bengal,32.7,74.4,7.5,8.0,Rain,2026,1,January,Monday,90.86,36.42
2026-01-12,Ahmedabad,Gujarat,34.6,49.7,19.6,0.4,Sunny,2026,1,January,Monday,94.28,37.08
2026-01-12,Jaipur,Rajasthan,37.6,44.5,15.4,0.1,Clear,2026,1,January,Monday,99.68,39.83
2026-01-12,Kochi,Kerala,31.7,87.5,11.1,13.7,Rain,2026,1,January,Monday,89.06,36.08
2026-01-13,Bengaluru,Karnataka,30.4,65.9,13.6,4.4,Partly Cloudy,2026,1,January,Tuesday,86.72,33.7
2026-01-13,Hyderabad,Telangana,30.8,57.7,15.9,1.3,Clear,2026,1,January,Tuesday,87.44,33.68
2026-01-13,Chennai,Tamil Nadu,35.3,76.7,18.3,5.1,Cloudy,2026,1,January,Tuesday,95.54,39.14
2026-01-13,Pune,Maharashtra,30.2,60.6,11.8,1.7,Sunny,2026,1,January,Tuesday,86.36,33.23
2026-01-13,Mumbai,Maharashtra,31.9,72.1,14.0,5.6,Humid,2026,1,January,Tuesday,89.42,35.5
2026-01-13,Delhi,Delhi,36.6,49.3,12.8,0.3,Clear,2026,1,January,Tuesday,97.88,39.06
2026-01-13,Kolkata,West Bengal,32.1,77.8,10.7,12.7,Rain,2026,1,January,Tuesday,89.78,35.99
2026-01-13,Ahmedabad,Gujarat,36.9,42.1,19.3,0.3,Sunny,2026,1,January,Tuesday,98.42,39.0
2026-01-13,Jaipur,Rajasthan,37.0,36.7,17.9,0.1,Clear,2026,1,January,Tuesday,98.6,38.84
2026-01-13,Kochi,Kerala,32.6,90.1,8.2,12.3,Rain,2026,1,January,Tuesday,90.68,37.11
2026-01-14,Bengaluru,Karnataka,31.1,78.6,11.9,4.6,Partly Cloudy,2026,1,January,Wednesday,87.98,35.03
2026-01-14,Hyderabad,Telangana,31.5,67.2,12.8,2.5,Clear,2026,1,January,Wednesday,88.7,34.86
2026-01-14,Chennai,Tamil Nadu,33.0,70.3,21.0,2.9,Cloudy,2026,1,January,Wednesday,91.4,36.52
2026-01-14,Pune,Maharashtra,31.6,58.1,12.5,1.9,Sunny,2026,1,January,Wednesday,88.88,34.51
2026-01-14,Mumbai,Maharashtra,30.4,83.6,16.0,2.8,Humid,2026,1,January,Wednesday,86.72,34.58
2026-01-14,Delhi,Delhi,33.7,51.9,12.1,0.8,Clear,2026,1,January,Wednesday,92.66,36.3
2026-01-14,Kolkata,West Bengal,32.5,78.8,8.6,14.8,Rain,2026,1,January,Wednesday,90.5,36.44
2026-01-14,Ahmedabad,Gujarat,34.3,48.5,21.2,0.1,Sunny,2026,1,January,Wednesday,93.74,36.72
2026-01-14,Jaipur,Rajasthan,38.9,45.0,17.9,0.1,Clear,2026,1,January,Wednesday,102.02,41.15
2026-01-14,Kochi,Kerala,30.2,82.5,14.1,14.7,Rain,2026,1,January,Wednesday,86.36,34.33
2026-01-15,Bengaluru,Karnataka,29.4,71.0,10.9,2.4,Partly Cloudy,2026,1,January,Thursday,84.92,32.95
2026-01-15,Hyderabad,Telangana,31.1,65.7,13.2,3.6,Clear,2026,1,January,Thursday,87.98,34.39
2026-01-15,Chennai,Tamil Nadu,33.5,66.7,18.4,3.4,Cloudy,2026,1,January,Thursday,92.3,36.84
2026-01-15,Pune,Maharashtra,29.9,64.4,12.5,2.1,Sunny,2026,1,January,Thursday,85.82,33.12
2026-01-15,Mumbai,Maharashtra,32.0,83.8,18.7,9.2,Humid,2026,1,January,Thursday,89.6,36.19
2026-01-15,Delhi,Delhi,36.7,45.7,13.8,1.0,Clear,2026,1,January,Thursday,98.06,38.98
2026-01-15,Kolkata,West Bengal,35.0,83.0,8.4,3.5,Rain,2026,1,January,Thursday,95.0,39.15
2026-01-15,Ahmedabad,Gujarat,38.1,39.8,19.0,0.2,Sunny,2026,1,January,Thursday,100.58,40.09
2026-01-15,Jaipur,Rajasthan,36.5,45.3,18.4,0.1,Clear,2026,1,January,Thursday,97.7,38.76
2026-01-15,Kochi,Kerala,31.4,81.2,11.4,11.1,Rain,2026,1,January,Thursday,88.52,35.46
2026-01-16,Bengaluru,Karnataka,28.7,67.3,10.4,10.8,Partly Cloudy,2026,1,January,Friday,83.66,32.06
2026-01-16,Hyderabad,Telangana,32.8,57.1,16.9,3.8,Clear,2026,1,January,Friday,91.04,35.66
2026-01-16,Chennai,Tamil Nadu,34.4,65.0,16.5,2.5,Cloudy,2026,1,January,Friday,93.92,37.65
2026-01-16,Pune,Maharashtra,29.9,52.3,8.6,1.0,Sunny,2026,1,January,Friday,85.82,32.52
2026-01-16,Mumbai,Maharashtra,31.9,83.4,17.6,7.5,Humid,2026,1,January,Friday,89.42,36.07
2026-01-16,Delhi,Delhi,35.6,52.3,11.7,0.8,Clear,2026,1,January,Friday,96.08,38.22
2026-01-16,Kolkata,West Bengal,32.3,77.9,12.5,4.6,Rain,2026,1,January,Friday,90.14,36.2
2026-01-16,Ahmedabad,Gujarat,36.5,46.8,21.4,0.2,Sunny,2026,1,January,Friday,97.7,38.84
2026-01-16,Jaipur,Rajasthan,36.5,38.5,14.9,0.2,Clear,2026,1,January,Friday,97.7,38.42
2026-01-16,Kochi,Kerala,32.7,88.9,13.3,4.1,Rain,2026,1,January,Friday,90.86,37.15
2026-01-17,Bengaluru,Karnataka,28.2,74.9,14.6,6.6,Partly Cloudy,2026,1,January,Saturday,82.76,31.94
2026-01-17,Hyderabad,Telangana,33.2,54.0,13.8,3.5,Clear,2026,1,January,Saturday,91.76,35.9
2026-01-17,Chennai,Tamil Nadu,36.0,75.0,21.1,3.9,Cloudy,2026,1,January,Saturday,96.8,39.75
2026-01-17,Pune,Maharashtra,29.0,53.2,10.3,1.9,Sunny,2026,1,January,Saturday,84.2,31.66
2026-01-17,Mumbai,Maharashtra,33.4,81.1,17.0,11.9,Humid,2026,1,January,Saturday,92.12,37.46
2026-01-17,Delhi,Delhi,35.8,52.7,9.6,1.5,Clear,2026,1,January,Saturday,96.44,38.43
2026-01-17,Kolkata,West Bengal,33.1,86.9,10.6,7.2,Rain,2026,1,January,Saturday,91.58,37.44
2026-01-17,Ahmedabad,Gujarat,35.1,41.5,20.0,0.4,Sunny,2026,1,January,Saturday,95.18,37.18
2026-01-17,Jaipur,Rajasthan,35.9,36.0,15.6,0.2,Clear,2026,1,January,Saturday,96.62,37.7
2026-01-17,Kochi,Kerala,30.5,80.1,11.7,3.9,Rain,2026,1,January,Saturday,86.9,34.51
2026-01-18,Bengaluru,Karnataka,29.4,71.4,15.0,8.2,Partly Cloudy,2026,1,January,Sunday,84.92,32.97
2026-01-18,Hyderabad,Telangana,34.5,60.7,12.9,1.4,Clear,2026,1,January,Sunday,94.1,37.53
2026-01-18,Chennai,Tamil Nadu,36.6,72.9,17.1,1.9,Cloudy,2026,1,January,Sunday,97.88,40.25
2026-01-18,Pune,Maharashtra,30.7,60.4,9.7,1.0,Sunny,2026,1,January,Sunday,87.26,33.72
2026-01-18,Mumbai,Maharashtra,32.4,84.0,14.5,2.9,Humid,2026,1,January,Sunday,90.32,36.6
2026-01-18,Delhi,Delhi,35.4,50.9,13.5,0.6,Clear,2026,1,January,Sunday,95.72,37.94
2026-01-18,Kolkata,West Bengal,35.5,84.3,9.7,5.8,Rain,2026,1,January,Sunday,95.9,39.72
2026-01-18,Ahmedabad,Gujarat,38.5,42.4,21.1,0.2,Sunny,2026,1,January,Sunday,101.3,40.62
2026-01-18,Jaipur,Rajasthan,36.5,45.6,14.3,0.3,Clear,2026,1,January,Sunday,97.7,38.78
2026-01-18,Kochi,Kerala,31.0,79.6,9.4,11.5,Rain,2026,1,January,Sunday,87.8,34.98
2026-01-19,Bengaluru,Karnataka,30.9,78.3,10.1,5.8,Partly Cloudy,2026,1,January,Monday,87.62,34.82
2026-01-19,Hyderabad,Telangana,31.9,67.6,12.4,0.8,Clear,2026,1,January,Monday,89.42,35.28
2026-01-19,Chennai,Tamil Nadu,33.1,68.5,20.7,9.4,Cloudy,2026,1,January,Monday,91.58,36.52
2026-01-19,Pune,Maharashtra,31.7,65.0,12.8,1.1,Sunny,2026,1,January,Monday,89.06,34.95
2026-01-19,Mumbai,Maharashtra,30.6,84.1,17.6,2.9,Humid,2026,1,January,Monday,87.08,34.8
2026-01-19,Delhi,Delhi,36.8,50.3,11.6,0.8,Clear,2026,1,January,Monday,98.24,39.32
2026-01-19,Kolkata,West Bengal,33.0,74.0,8.4,7.9,Rain,2026,1,January,Monday,91.4,36.7
2026-01-19,Ahmedabad,Gujarat,38.6,39.7,22.0,0.2,Sunny,2026,1,January,Monday,101.48,40.58
2026-01-19,Jaipur,Rajasthan,37.1,46.5,17.4,0.2,Clear,2026,1,January,Monday,98.78,39.43
2026-01-19,Kochi,Kerala,29.3,83.6,10.3,20.8,Rain,2026,1,January,Monday,84.74,33.48
2026-01-20,Bengaluru,Karnataka,29.1,70.1,14.6,2.2,Partly Cloudy,2026,1,January,Tuesday,84.38,32.61
2026-01-20,Hyderabad,Telangana,32.8,65.4,16.1,0.8,Clear,2026,1,January,Tuesday,91.04,36.07
2026-01-20,Chennai,Tamil Nadu,33.1,63.9,20.8,4.0,Cloudy,2026,1,January,Tuesday,91.58,36.3
2026-01-20,Pune,Maharashtra,31.8,63.6,9.2,1.0,Sunny,2026,1,January,Tuesday,89.24,34.98
2026-01-20,Mumbai,Maharashtra,33.8,79.6,14.7,11.3,Humid,2026,1,January,Tuesday,92.84,37.78
2026-01-20,Delhi,Delhi,35.5,48.9,9.4,1.4,Clear,2026,1,January,Tuesday,95.9,37.94
2026-01-20,Kolkata,West Bengal,36.1,82.9,12.4,3.2,Rain,2026,1,January,Tuesday,96.98,40.25
2026-01-20,Ahmedabad,Gujarat,35.8,44.7,21.9,0.5,Sunny,2026,1,January,Tuesday,96.44,38.03
2026-01-20,Jaipur,Rajasthan,37.3,38.5,15.1,0.2,Clear,2026,1,January,Tuesday,99.14,39.22
2026-01-20,Kochi,Kerala,32.9,79.6,12.9,17.5,Rain,2026,1,January,Tuesday,91.22,36.88
2026-01-21,Bengaluru,Karnataka,31.7,75.8,12.8,5.1,Partly Cloudy,2026,1,January,Wednesday,89.06,35.49
2026-01-21,Hyderabad,Telangana,32.5,59.1,16.2,0.9,Clear,2026,1,January,Wednesday,90.5,35.46
2026-01-21,Chennai,Tamil Nadu,33.8,73.5,16.8,2.3,Cloudy,2026,1,January,Wednesday,92.84,37.47
2026-01-21,Pune,Maharashtra,29.0,58.7,9.2,2.5,Sunny,2026,1,January,Wednesday,84.2,31.94
2026-01-21,Mumbai,Maharashtra,33.5,84.8,14.7,3.5,Humid,2026,1,January,Wednesday,92.3,37.74
2026-01-21,Delhi,Delhi,34.7,52.0,13.7,1.0,Clear,2026,1,January,Wednesday,94.46,37.3
2026-01-21,Kolkata,West Bengal,33.4,79.8,10.4,12.5,Rain,2026,1,January,Wednesday,92.12,37.39
2026-01-21,Ahmedabad,Gujarat,37.9,49.9,20.2,0.1,Sunny,2026,1,January,Wednesday,100.22,40.39
2026-01-21,Jaipur,Rajasthan,39.2,39.1,15.9,0.2,Clear,2026,1,January,Wednesday,102.56,41.16
2026-01-21,Kochi,Kerala,32.3,79.8,9.6,8.3,Rain,2026,1,January,Wednesday,90.14,36.29
2026-01-22,Bengaluru,Karnataka,29.1,77.4,12.7,5.1,Partly Cloudy,2026,1,January,Thursday,84.38,32.97
2026-01-22,Hyderabad,Telangana,32.9,67.9,14.5,1.4,Clear,2026,1,January,Thursday,91.22,36.3
2026-01-22,Chennai,Tamil Nadu,36.3,72.1,21.2,2.6,Cloudy,2026,1,January,Thursday,97.34,39.9
2026-01-22,Pune,Maharashtra,30.9,62.5,12.2,2.3,Sunny,2026,1,January,Thursday,87.62,34.02
2026-01-22,Mumbai,Maharashtra,30.2,75.1,13.8,4.8,Humid,2026,1,January,Thursday,86.36,33.96
2026-01-22,Delhi,Delhi,38.3,53.2,15.0,0.9,Clear,2026,1,January,Thursday,100.94,40.96
2026-01-22,Kolkata,West Bengal,36.0,80.3,8.3,13.9,Rain,2026,1,January,Thursday,96.8,40.02
2026-01-22,Ahmedabad,Gujarat,38.8,39.5,19.8,0.4,Sunny,2026,1,January,Thursday,101.84,40.78
2026-01-22,Jaipur,Rajasthan,36.7,40.2,13.3,0.1,Clear,2026,1,January,Thursday,98.06,38.71
2026-01-22,Kochi,Kerala,30.4,85.4,12.0,7.5,Rain,2026,1,January,Thursday,86.72,34.67
2026-01-23,Bengaluru,Karnataka,28.6,69.6,13.3,3.8,Partly Cloudy,2026,1,January,Friday,83.48,32.08
2026-01-23,Hyderabad,Telangana,32.6,56.8,16.3,2.4,Clear,2026,1,January,Friday,90.68,35.44
2026-01-23,Chennai,Tamil Nadu,33.4,64.4,17.7,6.5,Cloudy,2026,1,January,Friday,92.12,36.62
2026-01-23,Pune,Maharashtra,31.6,52.3,8.2,1.9,Sunny,2026,1,January,Friday,88.88,34.22
2026-01-23,Mumbai,Maharashtra,31.8,75.0,14.9,14.2,Humid,2026,1,January,Friday,89.24,35.55
2026-01-23,Delhi,Delhi,35.7,52.9,11.5,0.9,Clear,2026,1,January,Friday,96.26,38.35
2026-01-23,Kolkata,West Bengal,36.1,88.0,8.9,5.7,Rain,2026,1,January,Friday,96.98,40.5
2026-01-23,Ahmedabad,Gujarat,38.0,40.9,16.2,0.5,Sunny,2026,1,January,Friday,100.4,40.04
2026-01-23,Jaipur,Rajasthan,37.6,46.5,14.9,0.3,Clear,2026,1,January,Friday,99.68,39.93
2026-01-23,Kochi,Kerala,31.3,79.3,8.2,14.0,Rain,2026,1,January,Friday,88.34,35.26
2026-01-24,Bengaluru,Karnataka,31.2,77.7,9.7,8.0,Partly Cloudy,2026,1,January,Saturday,88.16,35.08
2026-01-24,Hyderabad,Telangana,32.9,61.1,12.4,1.5,Clear,2026,1,January,Saturday,91.22,35.96
2026-01-24,Chennai,Tamil Nadu,35.3,76.0,16.0,6.0,Cloudy,2026,1,January,Saturday,95.54,39.1
2026-01-24,Pune,Maharashtra,32.3,64.5,8.4,0.7,Sunny,2026,1,January,Saturday,90.14,35.52
2026-01-24,Mumbai,Maharashtra,34.0,84.7,16.0,3.1,Humid,2026,1,January,Saturday,93.2,38.24
2026-01-24,Delhi,Delhi,38.2,50.4,14.8,1.2,Clear,2026,1,January,Saturday,100.76,40.72
2026-01-24,Kolkata,West Bengal,36.0,76.2,11.4,6.0,Rain,2026,1,January,Saturday,96.8,39.81
2026-01-24,Ahmedabad,Gujarat,36.7,49.8,21.2,0.2,Sunny,2026,1,January,Saturday,98.06,39.19
2026-01-24,Jaipur,Rajasthan,36.9,40.6,15.6,0.2,Clear,2026,1,January,Saturday,98.42,38.93
2026-01-24,Kochi,Kerala,30.0,80.5,12.4,20.4,Rain,2026,1,January,Saturday,86.0,34.02
2026-01-25,Bengaluru,Karnataka,28.8,72.9,13.7,2.3,Partly Cloudy,2026,1,January,Sunday,83.84,32.44
2026-01-25,Hyderabad,Telangana,34.8,55.6,15.1,2.4,Clear,2026,1,January,Sunday,94.64,37.58
2026-01-25,Chennai,Tamil Nadu,35.8,67.3,17.8,6.8,Cloudy,2026,1,January,Sunday,96.44,39.16
2026-01-25,Pune,Maharashtra,30.9,60.2,9.9,1.3,Sunny,2026,1,January,Sunday,87.62,33.91
2026-01-25,Mumbai,Maharashtra,30.4,79.7,16.0,5.4,Humid,2026,1,January,Sunday,86.72,34.38
2026-01-25,Delhi,Delhi,37.6,55.9,12.1,0.6,Clear,2026,1,January,Sunday,99.68,40.4
2026-01-25,Kolkata,West Bengal,34.7,75.5,7.5,9.0,Rain,2026,1,January,Sunday,94.46,38.48
2026-01-25,Ahmedabad,Gujarat,35.5,44.2,19.3,0.1,Sunny,2026,1,January,Sunday,95.9,37.71
2026-01-25,Jaipur,Rajasthan,38.6,36.2,16.9,0.3,Clear,2026,1,January,Sunday,101.48,40.41
2026-01-25,Kochi,Kerala,31.6,77.8,11.1,10.7,Rain,2026,1,January,Sunday,88.88,35.49
2026-01-26,Bengaluru,Karnataka,32.5,66.9,14.3,11.7,Partly Cloudy,2026,1,January,Monday,90.5,35.84
2026-01-26,Hyderabad,Telangana,34.5,65.4,12.7,3.7,Clear,2026,1,January,Monday,94.1,37.77
2026-01-26,Chennai,Tamil Nadu,35.3,76.4,20.8,3.2,Cloudy,2026,1,January,Monday,95.54,39.12
2026-01-26,Pune,Maharashtra,32.4,64.0,7.6,1.2,Sunny,2026,1,January,Monday,90.32,35.6
2026-01-26,Mumbai,Maharashtra,33.4,73.2,18.5,5.8,Humid,2026,1,January,Monday,92.12,37.06
2026-01-26,Delhi,Delhi,37.9,47.0,12.4,1.7,Clear,2026,1,January,Monday,100.22,40.25
2026-01-26,Kolkata,West Bengal,33.7,77.7,9.7,7.4,Rain,2026,1,January,Monday,92.66,37.58
2026-01-26,Ahmedabad,Gujarat,35.4,40.5,17.2,0.5,Sunny,2026,1,January,Monday,95.72,37.42
2026-01-26,Jaipur,Rajasthan,38.9,47.5,13.5,0.3,Clear,2026,1,January,Monday,102.02,41.28
2026-01-26,Kochi,Kerala,30.1,84.4,11.9,10.4,Rain,2026,1,January,Monday,86.18,34.32
2026-01-27,Bengaluru,Karnataka,32.3,72.8,12.7,10.6,Partly Cloudy,2026,1,January,Tuesday,90.14,35.94
2026-01-27,Hyderabad,Telangana,32.0,67.9,15.3,1.9,Clear,2026,1,January,Tuesday,89.6,35.4
2026-01-27,Chennai,Tamil Nadu,36.6,66.7,21.2,6.8,Cloudy,2026,1,January,Tuesday,97.88,39.94
2026-01-27,Pune,Maharashtra,30.7,61.7,9.9,0.8,Sunny,2026,1,January,Tuesday,87.26,33.78
2026-01-27,Mumbai,Maharashtra,33.4,71.7,18.0,5.6,Humid,2026,1,January,Tuesday,92.12,36.98
2026-01-27,Delhi,Delhi,37.3,58.8,12.9,1.3,Clear,2026,1,January,Tuesday,99.14,40.24
2026-01-27,Kolkata,West Bengal,34.2,74.0,6.9,5.0,Rain,2026,1,January,Tuesday,93.56,37.9
2026-01-27,Ahmedabad,Gujarat,37.8,44.1,19.3,0.5,Sunny,2026,1,January,Tuesday,100.04,40.0
2026-01-27,Jaipur,Rajasthan,36.7,38.2,16.4,0.1,Clear,2026,1,January,Tuesday,98.06,38.61
2026-01-27,Kochi,Kerala,29.7,82.0,8.7,10.4,Rain,2026,1,January,Tuesday,85.46,33.8
2026-01-28,Bengaluru,Karnataka,29.8,73.2,12.7,3.9,Partly Cloudy,2026,1,January,Wednesday,85.64,33.46
2026-01-28,Hyderabad,Telangana,34.2,60.6,12.3,3.6,Clear,2026,1,January,Wednesday,93.56,37.23
2026-01-28,Chennai,Tamil Nadu,34.4,65.1,15.9,7.3,Cloudy,2026,1,January,Wednesday,93.92,37.66
2026-01-28,Pune,Maharashtra,32.8,62.0,9.6,1.0,Sunny,2026,1,January,Wednesday,91.04,35.9
2026-01-28,Mumbai,Maharashtra,30.5,80.0,16.5,6.8,Humid,2026,1,January,Wednesday,86.9,34.5
2026-01-28,Delhi,Delhi,37.3,51.2,15.0,1.4,Clear,2026,1,January,Wednesday,99.14,39.86
2026-01-28,Kolkata,West Bengal,34.0,86.6,7.0,10.4,Rain,2026,1,January,Wednesday,93.2,38.33
2026-01-28,Ahmedabad,Gujarat,37.0,41.3,16.6,0.4,Sunny,2026,1,January,Wednesday,98.6,39.06
2026-01-28,Jaipur,Rajasthan,36.3,42.7,18.1,0.1,Clear,2026,1,January,Wednesday,97.34,38.43
2026-01-28,Kochi,Kerala,30.6,85.5,11.1,15.7,Rain,2026,1,January,Wednesday,87.08,34.88
2026-01-29,Bengaluru,Karnataka,32.2,67.4,11.1,4.9,Partly Cloudy,2026,1,January,Thursday,89.96,35.57
2026-01-29,Hyderabad,Telangana,31.9,66.5,16.2,2.9,Clear,2026,1,January,Thursday,89.42,35.22
2026-01-29,Chennai,Tamil Nadu,33.5,74.8,19.8,5.8,Cloudy,2026,1,January,Thursday,92.3,37.24
2026-01-29,Pune,Maharashtra,32.4,57.3,8.6,0.6,Sunny,2026,1,January,Thursday,90.32,35.26
2026-01-29,Mumbai,Maharashtra,31.4,71.5,15.1,11.7,Humid,2026,1,January,Thursday,88.52,34.98
2026-01-29,Delhi,Delhi,37.6,56.8,13.7,0.7,Clear,2026,1,January,Thursday,99.68,40.44
2026-01-29,Kolkata,West Bengal,35.2,80.1,11.4,10.3,Rain,2026,1,January,Thursday,95.36,39.21
2026-01-29,Ahmedabad,Gujarat,36.5,47.0,22.0,0.2,Sunny,2026,1,January,Thursday,97.7,38.85
2026-01-29,Jaipur,Rajasthan,39.8,35.2,14.1,0.1,Clear,2026,1,January,Thursday,103.64,41.56
2026-01-29,Kochi,Kerala,32.8,90.2,12.6,9.8,Rain,2026,1,January,Thursday,91.04,37.31
2026-01-30,Bengaluru,Karnataka,32.5,69.6,10.6,10.8,Partly Cloudy,2026,1,January,Friday,90.5,35.98
2026-01-30,Hyderabad,Telangana,34.3,63.7,15.5,3.7,Clear,2026,1,January,Friday,93.74,37.48
2026-01-30,Chennai,Tamil Nadu,35.5,74.8,19.5,9.2,Cloudy,2026,1,January,Friday,95.9,39.24
2026-01-30,Pune,Maharashtra,31.2,61.1,10.6,1.1,Sunny,2026,1,January,Friday,88.16,34.26
2026-01-30,Mumbai,Maharashtra,31.4,79.7,13.6,13.7,Humid,2026,1,January,Friday,88.52,35.38
2026-01-30,Delhi,Delhi,35.5,45.4,10.0,1.7,Clear,2026,1,January,Friday,95.9,37.77
2026-01-30,Kolkata,West Bengal,34.5,76.0,6.9,3.4,Rain,2026,1,January,Friday,94.1,38.3
2026-01-30,Ahmedabad,Gujarat,38.2,46.9,20.4,0.4,Sunny,2026,1,January,Friday,100.76,40.54
2026-01-30,Jaipur,Rajasthan,36.6,43.3,14.7,0.3,Clear,2026,1,January,Friday,97.88,38.76
2026-01-30,Kochi,Kerala,33.2,89.5,8.5,19.9,Rain,2026,1,January,Friday,91.76,37.68
2026-01-31,Bengaluru,Karnataka,32.7,78.2,9.8,4.0,Partly Cloudy,2026,1,January,Saturday,90.86,36.61
2026-01-31,Hyderabad,Telangana,32.3,54.5,16.6,3.2,Clear,2026,1,January,Saturday,90.14,35.02
2026-01-31,Chennai,Tamil Nadu,36.2,74.6,19.1,4.2,Cloudy,2026,1,January,Saturday,97.16,39.93
2026-01-31,Pune,Maharashtra,29.9,52.4,11.7,0.9,Sunny,2026,1,January,Saturday,85.82,32.52
2026-01-31,Mumbai,Maharashtra,31.9,76.9,13.2,5.6,Humid,2026,1,January,Saturday,89.42,35.74
2026-01-31,Delhi,Delhi,36.1,55.0,11.6,0.8,Clear,2026,1,January,Saturday,96.98,38.85
2026-01-31,Kolkata,West Bengal,37.0,81.1,11.8,11.7,Rain,2026,1,January,Saturday,98.6,41.06
2026-01-31,Ahmedabad,Gujarat,35.6,43.8,18.8,0.4,Sunny,2026,1,January,Saturday,96.08,37.79
2026-01-31,Jaipur,Rajasthan,37.8,44.9,15.7,0.1,Clear,2026,1,January,Saturday,100.04,40.04
2026-01-31,Kochi,Kerala,33.4,78.3,13.0,6.9,Rain,2026,1,January,Saturday,92.12,37.32
2026-02-01,Bengaluru,Karnataka,29.1,67.8,13.8,11.5,Partly Cloudy,2026,2,February,Sunday,84.38,32.49
2026-02-01,Hyderabad,Telangana,31.9,60.9,14.4,3.1,Clear,2026,2,February,Sunday,89.42,34.94
2026-02-01,Chennai,Tamil Nadu,34.4,69.9,17.4,9.0,Cloudy,2026,2,February,Sunday,93.92,37.89
2026-02-01,Pune,Maharashtra,30.6,64.2,8.9,0.9,Sunny,2026,2,February,Sunday,87.08,33.81
2026-02-01,Mumbai,Maharashtra,33.5,78.0,13.8,10.3,Humid,2026,2,February,Sunday,92.3,37.4
2026-02-01,Delhi,Delhi,35.3,56.0,13.6,1.5,Clear,2026,2,February,Sunday,95.54,38.1
2026-02-01,Kolkata,West Bengal,35.7,79.0,9.1,8.5,Rain,2026,2,February,Sunday,96.26,39.65
2026-02-01,Ahmedabad,Gujarat,39.1,39.2,21.5,0.1,Sunny,2026,2,February,Sunday,102.38,41.06
2026-02-01,Jaipur,Rajasthan,37.3,38.7,17.9,0.2,Clear,2026,2,February,Sunday,99.14,39.24
2026-02-01,Kochi,Kerala,31.5,89.4,9.5,12.3,Rain,2026,2,February,Sunday,88.7,35.97
2026-02-02,Bengaluru,Karnataka,31.2,75.6,13.7,8.3,Partly Cloudy,2026,2,February,Monday,88.16,34.98
2026-02-02,Hyderabad,Telangana,33.3,58.6,12.4,3.3,Clear,2026,2,February,Monday,91.94,36.23
2026-02-02,Chennai,Tamil Nadu,36.4,73.4,16.3,5.6,Cloudy,2026,2,February,Monday,97.52,40.07
2026-02-02,Pune,Maharashtra,32.7,59.1,8.0,1.4,Sunny,2026,2,February,Monday,90.86,35.66
2026-02-02,Mumbai,Maharashtra,34.3,74.3,14.2,6.2,Humid,2026,2,February,Monday,93.74,38.02
2026-02-02,Delhi,Delhi,37.8,56.8,10.3,0.5,Clear,2026,2,February,Monday,100.04,40.64
2026-02-02,Kolkata,West Bengal,34.2,78.6,9.8,5.1,Rain,2026,2,February,Monday,93.56,38.13
2026-02-02,Ahmedabad,Gujarat,36.9,40.6,22.1,0.4,Sunny,2026,2,February,Monday,98.42,38.93
2026-02-02,Jaipur,Rajasthan,36.9,48.5,13.1,0.2,Clear,2026,2,February,Monday,98.42,39.32
2026-02-02,Kochi,Kerala,34.0,88.1,12.5,11.8,Rain,2026,2,February,Monday,93.2,38.4
2026-02-03,Bengaluru,Karnataka,29.9,73.9,9.8,4.0,Partly Cloudy,2026,2,February,Tuesday,85.82,33.6
2026-02-03,Hyderabad,Telangana,33.5,54.5,13.9,3.1,Clear,2026,2,February,Tuesday,92.3,36.22
2026-02-03,Chennai,Tamil Nadu,36.5,70.0,19.1,5.8,Cloudy,2026,2,February,Tuesday,97.7,40.0
2026-02-03,Pune,Maharashtra,30.2,59.5,9.6,2.0,Sunny,2026,2,February,Tuesday,86.36,33.17
2026-02-03,Mumbai,Maharashtra,34.4,77.0,16.5,11.7,Humid,2026,2,February,Tuesday,93.92,38.25
2026-02-03,Delhi,Delhi,36.7,48.2,13.7,1.6,Clear,2026,2,February,Tuesday,98.06,39.11
2026-02-03,Kolkata,West Bengal,36.4,83.8,11.8,12.5,Rain,2026,2,February,Tuesday,97.52,40.59
2026-02-03,Ahmedabad,Gujarat,38.2,44.4,18.1,0.4,Sunny,2026,2,February,Tuesday,100.76,40.42
2026-02-03,Jaipur,Rajasthan,36.9,40.9,17.2,0.3,Clear,2026,2,February,Tuesday,98.42,38.94
2026-02-03,Kochi,Kerala,32.6,80.5,10.6,12.2,Rain,2026,2,February,Tuesday,90.68,36.62
2026-02-04,Bengaluru,Karnataka,31.7,70.7,13.3,11.0,Partly Cloudy,2026,2,February,Wednesday,89.06,35.24
2026-02-04,Hyderabad,Telangana,32.7,63.2,16.2,1.9,Clear,2026,2,February,Wednesday,90.86,35.86
2026-02-04,Chennai,Tamil Nadu,35.8,76.6,15.5,6.5,Cloudy,2026,2,February,Wednesday,96.44,39.63
2026-02-04,Pune,Maharashtra,30.3,61.9,12.8,1.5,Sunny,2026,2,February,Wednesday,86.54,33.4
2026-02-04,Mumbai,Maharashtra,31.2,79.0,16.3,11.3,Humid,2026,2,February,Wednesday,88.16,35.15
2026-02-04,Delhi,Delhi,37.1,53.9,14.4,1.1,Clear,2026,2,February,Wednesday,98.78,39.8
2026-02-04,Kolkata,West Bengal,34.9,87.3,8.0,12.6,Rain,2026,2,February,Wednesday,94.82,39.26
2026-02-04,Ahmedabad,Gujarat,37.3,48.7,16.9,0.5,Sunny,2026,2,February,Wednesday,99.14,39.74
2026-02-04,Jaipur,Rajasthan,38.0,35.8,14.1,0.2,Clear,2026,2,February,Wednesday,100.4,39.79
2026-02-04,Kochi,Kerala,30.1,82.9,10.6,16.7,Rain,2026,2,February,Wednesday,86.18,34.25
2026-02-05,Bengaluru,Karnataka,30.6,68.7,10.5,9.2,Partly Cloudy,2026,2,February,Thursday,87.08,34.04
2026-02-05,Hyderabad,Telangana,35.8,61.4,12.8,3.2,Clear,2026,2,February,Thursday,96.44,38.87
2026-02-05,Chennai,Tamil Nadu,35.4,66.0,16.1,8.5,Cloudy,2026,2,February,Thursday,95.72,38.7
2026-02-05,Pune,Maharashtra,33.0,59.9,10.0,1.6,Sunny,2026,2,February,Thursday,91.4,35.99
2026-02-05,Mumbai,Maharashtra,31.7,84.5,15.2,10.3,Humid,2026,2,February,Thursday,89.06,35.92
2026-02-05,Delhi,Delhi,38.4,56.4,12.2,0.7,Clear,2026,2,February,Thursday,101.12,41.22
2026-02-05,Kolkata,West Bengal,35.5,75.8,11.7,7.9,Rain,2026,2,February,Thursday,95.9,39.29
2026-02-05,Ahmedabad,Gujarat,39.1,41.7,18.5,0.2,Sunny,2026,2,February,Thursday,102.38,41.18
2026-02-05,Jaipur,Rajasthan,38.3,37.6,12.5,0.3,Clear,2026,2,February,Thursday,100.94,40.18
2026-02-05,Kochi,Kerala,31.3,80.4,9.9,12.6,Rain,2026,2,February,Thursday,88.34,35.32
2026-02-06,Bengaluru,Karnataka,31.0,73.9,13.2,5.5,Partly Cloudy,2026,2,February,Friday,87.8,34.7
2026-02-06,Hyderabad,Telangana,35.8,66.0,11.8,3.2,Clear,2026,2,February,Friday,96.44,39.1
2026-02-06,Chennai,Tamil Nadu,37.5,74.0,16.1,9.0,Cloudy,2026,2,February,Friday,99.5,41.2
2026-02-06,Pune,Maharashtra,32.3,51.2,7.3,2.4,Sunny,2026,2,February,Friday,90.14,34.86
2026-02-06,Mumbai,Maharashtra,33.5,74.5,13.7,4.2,Humid,2026,2,February,Friday,92.3,37.22
2026-02-06,Delhi,Delhi,36.1,55.9,11.5,0.5,Clear,2026,2,February,Friday,96.98,38.9
2026-02-06,Kolkata,West Bengal,37.0,85.1,7.7,15.5,Rain,2026,2,February,Friday,98.6,41.26
2026-02-06,Ahmedabad,Gujarat,38.2,48.9,20.2,0.5,Sunny,2026,2,February,Friday,100.76,40.65
2026-02-06,Jaipur,Rajasthan,39.8,46.7,13.7,0.3,Clear,2026,2,February,Friday,103.64,42.14
2026-02-06,Kochi,Kerala,32.3,87.4,10.7,20.1,Rain,2026,2,February,Friday,90.14,36.67
2026-02-07,Bengaluru,Karnataka,31.5,68.7,10.6,3.3,Partly Cloudy,2026,2,February,Saturday,88.7,34.94
2026-02-07,Hyderabad,Telangana,34.1,54.8,14.3,1.1,Clear,2026,2,February,Saturday,93.38,36.84
2026-02-07,Chennai,Tamil Nadu,35.9,70.0,18.5,9.2,Cloudy,2026,2,February,Saturday,96.62,39.4
2026-02-07,Pune,Maharashtra,29.8,62.8,10.0,1.6,Sunny,2026,2,February,Saturday,85.64,32.94
2026-02-07,Mumbai,Maharashtra,33.6,82.8,15.3,7.6,Humid,2026,2,February,Saturday,92.48,37.74
2026-02-07,Delhi,Delhi,39.0,46.1,13.2,1.3,Clear,2026,2,February,Saturday,102.2,41.3
2026-02-07,Kolkata,West Bengal,33.5,82.5,10.8,16.1,Rain,2026,2,February,Saturday,92.3,37.62
2026-02-07,Ahmedabad,Gujarat,37.1,51.7,19.3,0.3,Sunny,2026,2,February,Saturday,98.78,39.68
2026-02-07,Jaipur,Rajasthan,40.3,35.5,16.8,0.2,Clear,2026,2,February,Saturday,104.54,42.08
2026-02-07,Kochi,Kerala,31.5,89.1,10.3,12.5,Rain,2026,2,February,Saturday,88.7,35.96
2026-02-08,Bengaluru,Karnataka,31.4,75.8,10.5,6.2,Partly Cloudy,2026,2,February,Sunday,88.52,35.19
2026-02-08,Hyderabad,Telangana,33.8,61.8,16.5,1.6,Clear,2026,2,February,Sunday,92.84,36.89
2026-02-08,Chennai,Tamil Nadu,37.2,68.7,18.3,4.1,Cloudy,2026,2,February,Sunday,98.96,40.64
2026-02-08,Pune,Maharashtra,31.8,64.6,11.1,2.1,Sunny,2026,2,February,Sunday,89.24,35.03
2026-02-08,Mumbai,Maharashtra,32.2,75.4,14.9,9.7,Humid,2026,2,February,Sunday,89.96,35.97
2026-02-08,Delhi,Delhi,37.8,56.0,9.6,1.4,Clear,2026,2,February,Sunday,100.04,40.6
2026-02-08,Kolkata,West Bengal,37.0,81.6,7.0,7.1,Rain,2026,2,February,Sunday,98.6,41.08
2026-02-08,Ahmedabad,Gujarat,35.8,40.7,21.7,0.4,Sunny,2026,2,February,Sunday,96.44,37.83
2026-02-08,Jaipur,Rajasthan,39.3,46.0,18.0,0.2,Clear,2026,2,February,Sunday,102.74,41.6
2026-02-08,Kochi,Kerala,32.7,85.8,12.3,14.8,Rain,2026,2,February,Sunday,90.86,36.99
2026-02-09,Bengaluru,Karnataka,32.1,68.0,13.2,6.4,Partly Cloudy,2026,2,February,Monday,89.78,35.5
2026-02-09,Hyderabad,Telangana,35.2,55.4,12.6,0.7,Clear,2026,2,February,Monday,95.36,37.97
2026-02-09,Chennai,Tamil Nadu,37.0,75.8,19.2,4.9,Cloudy,2026,2,February,Monday,98.6,40.79
2026-02-09,Pune,Maharashtra,33.1,62.0,10.6,1.0,Sunny,2026,2,February,Monday,91.58,36.2
2026-02-09,Mumbai,Maharashtra,32.1,76.9,15.0,7.8,Humid,2026,2,February,Monday,89.78,35.94
2026-02-09,Delhi,Delhi,37.8,58.1,9.7,1.2,Clear,2026,2,February,Monday,100.04,40.7
2026-02-09,Kolkata,West Bengal,33.6,75.7,11.6,11.0,Rain,2026,2,February,Monday,92.48,37.39
2026-02-09,Ahmedabad,Gujarat,39.5,44.3,16.3,0.3,Sunny,2026,2,February,Monday,103.1,41.72
2026-02-09,Jaipur,Rajasthan,39.1,48.1,18.4,0.2,Clear,2026,2,February,Monday,102.38,41.5
2026-02-09,Kochi,Kerala,31.9,78.4,12.0,7.7,Rain,2026,2,February,Monday,89.42,35.82
2026-02-10,Bengaluru,Karnataka,30.0,65.2,9.2,8.6,Partly Cloudy,2026,2,February,Tuesday,86.0,33.26
2026-02-10,Hyderabad,Telangana,32.6,67.5,12.0,3.4,Clear,2026,2,February,Tuesday,90.68,35.98
2026-02-10,Chennai,Tamil Nadu,34.5,63.2,19.6,3.8,Cloudy,2026,2,February,Tuesday,94.1,37.66
2026-02-10,Pune,Maharashtra,32.8,53.6,7.5,2.0,Sunny,2026,2,February,Tuesday,91.04,35.48
2026-02-10,Mumbai,Maharashtra,33.8,83.0,17.5,3.5,Humid,2026,2,February,Tuesday,92.84,37.95
2026-02-10,Delhi,Delhi,37.8,54.9,12.2,1.7,Clear,2026,2,February,Tuesday,100.04,40.54
2026-02-10,Kolkata,West Bengal,34.5,87.5,11.0,3.0,Rain,2026,2,February,Tuesday,94.1,38.88
2026-02-10,Ahmedabad,Gujarat,35.9,47.1,21.1,0.1,Sunny,2026,2,February,Tuesday,96.62,38.25
2026-02-10,Jaipur,Rajasthan,38.0,45.2,13.5,0.3,Clear,2026,2,February,Tuesday,100.4,40.26
2026-02-10,Kochi,Kerala,32.2,77.8,10.3,14.4,Rain,2026,2,February,Tuesday,89.96,36.09
2026-02-11,Bengaluru,Karnataka,31.1,74.5,10.1,9.7,Partly Cloudy,2026,2,February,Wednesday,87.98,34.83
2026-02-11,Hyderabad,Telangana,33.6,63.0,15.3,1.9,Clear,2026,2,February,Wednesday,92.48,36.75
2026-02-11,Chennai,Tamil Nadu,35.5,74.0,21.0,8.6,Cloudy,2026,2,February,Wednesday,95.9,39.2
2026-02-11,Pune,Maharashtra,32.1,55.1,7.6,2.5,Sunny,2026,2,February,Wednesday,89.78,34.86
2026-02-11,Mumbai,Maharashtra,33.8,82.6,15.1,9.9,Humid,2026,2,February,Wednesday,92.84,37.93
2026-02-11,Delhi,Delhi,39.2,56.6,13.0,0.8,Clear,2026,2,February,Wednesday,102.56,42.03
2026-02-11,Kolkata,West Bengal,35.2,86.4,9.0,12.6,Rain,2026,2,February,Wednesday,95.36,39.52
2026-02-11,Ahmedabad,Gujarat,38.3,50.5,21.0,0.2,Sunny,2026,2,February,Wednesday,100.94,40.82
2026-02-11,Jaipur,Rajasthan,36.8,38.7,15.0,0.2,Clear,2026,2,February,Wednesday,98.24,38.74
2026-02-11,Kochi,Kerala,33.5,89.4,8.4,19.2,Rain,2026,2,February,Wednesday,92.3,37.97
2026-02-12,Bengaluru,Karnataka,32.6,77.1,12.6,4.6,Partly Cloudy,2026,2,February,Thursday,90.68,36.46
2026-02-12,Hyderabad,Telangana,35.6,65.3,15.6,3.5,Clear,2026,2,February,Thursday,96.08,38.86
2026-02-12,Chennai,Tamil Nadu,35.4,64.2,18.6,8.7,Cloudy,2026,2,February,Thursday,95.72,38.61
2026-02-12,Pune,Maharashtra,30.7,61.5,12.8,0.9,Sunny,2026,2,February,Thursday,87.26,33.78
2026-02-12,Mumbai,Maharashtra,33.4,80.5,15.9,5.0,Humid,2026,2,February,Thursday,92.12,37.42
2026-02-12,Delhi,Delhi,36.3,55.5,14.1,1.0,Clear,2026,2,February,Thursday,97.34,39.07
2026-02-12,Kolkata,West Bengal,33.8,85.3,11.3,6.2,Rain,2026,2,February,Thursday,92.84,38.06
2026-02-12,Ahmedabad,Gujarat,38.2,50.6,21.5,0.3,Sunny,2026,2,February,Thursday,100.76,40.73
2026-02-12,Jaipur,Rajasthan,38.7,43.3,13.6,0.1,Clear,2026,2,February,Thursday,101.66,40.86
2026-02-12,Kochi,Kerala,31.0,86.8,10.3,14.2,Rain,2026,2,February,Thursday,87.8,35.34
2026-02-13,Bengaluru,Karnataka,31.0,72.2,10.1,2.4,Partly Cloudy,2026,2,February,Friday,87.8,34.61
2026-02-13,Hyderabad,Telangana,36.2,59.2,12.1,2.6,Clear,2026,2,February,Friday,97.16,39.16
2026-02-13,Chennai,Tamil Nadu,37.1,65.2,18.9,4.7,Cloudy,2026,2,February,Friday,98.78,40.36
2026-02-13,Pune,Maharashtra,32.0,51.3,7.4,2.5,Sunny,2026,2,February,Friday,89.6,34.56
2026-02-13,Mumbai,Maharashtra,34.5,77.8,16.5,5.7,Humid,2026,2,February,Friday,94.1,38.39
2026-02-13,Delhi,Delhi,38.4,51.0,15.1,1.5,Clear,2026,2,February,Friday,101.12,40.95
2026-02-13,Kolkata,West Bengal,36.8,87.5,8.2,3.4,Rain,2026,2,February,Friday,98.24,41.18
2026-02-13,Ahmedabad,Gujarat,36.7,40.5,16.7,0.1,Sunny,2026,2,February,Friday,98.06,38.72
2026-02-13,Jaipur,Rajasthan,39.0,47.2,15.2,0.3,Clear,2026,2,February,Friday,102.2,41.36
2026-02-13,Kochi,Kerala,33.9,77.9,11.7,11.1,Rain,2026,2,February,Friday,93.02,37.8
2026-02-14,Bengaluru,Karnataka,29.9,78.4,10.7,7.5,Partly Cloudy,2026,2,February,Saturday,85.82,33.82
2026-02-14,Hyderabad,Telangana,34.8,67.4,15.5,1.9,Clear,2026,2,February,Saturday,94.64,38.17
2026-02-14,Chennai,Tamil Nadu,35.8,65.2,21.1,10.4,Cloudy,2026,2,February,Saturday,96.44,39.06
2026-02-14,Pune,Maharashtra,30.8,51.5,8.7,1.2,Sunny,2026,2,February,Saturday,87.44,33.38
2026-02-14,Mumbai,Maharashtra,34.6,83.7,18.1,3.0,Humid,2026,2,February,Saturday,94.28,38.79
2026-02-14,Delhi,Delhi,38.4,54.9,13.3,1.8,Clear,2026,2,February,Saturday,101.12,41.14
2026-02-14,Kolkata,West Bengal,33.7,76.0,11.2,16.2,Rain,2026,2,February,Saturday,92.66,37.5
2026-02-14,Ahmedabad,Gujarat,38.6,42.2,19.7,0.4,Sunny,2026,2,February,Saturday,101.48,40.71
2026-02-14,Jaipur,Rajasthan,37.2,39.5,14.0,0.1,Clear,2026,2,February,Saturday,98.96,39.18
2026-02-14,Kochi,Kerala,32.2,79.4,9.5,6.4,Rain,2026,2,February,Saturday,89.96,36.17
2026-02-15,Bengaluru,Karnataka,32.1,65.2,13.5,3.9,Partly Cloudy,2026,2,February,Sunday,89.78,35.36
2026-02-15,Hyderabad,Telangana,32.3,67.0,12.8,3.6,Clear,2026,2,February,Sunday,90.14,35.65
2026-02-15,Chennai,Tamil Nadu,37.5,75.4,16.1,5.6,Cloudy,2026,2,February,Sunday,99.5,41.27
2026-02-15,Pune,Maharashtra,30.3,64.0,12.3,1.7,Sunny,2026,2,February,Sunday,86.54,33.5
2026-02-15,Mumbai,Maharashtra,32.8,75.8,18.0,8.3,Humid,2026,2,February,Sunday,91.04,36.59
2026-02-15,Delhi,Delhi,37.8,47.0,10.7,0.4,Clear,2026,2,February,Sunday,100.04,40.15
2026-02-15,Kolkata,West Bengal,36.4,81.7,7.6,15.3,Rain,2026,2,February,Sunday,97.52,40.48
2026-02-15,Ahmedabad,Gujarat,37.0,43.8,17.1,0.2,Sunny,2026,2,February,Sunday,98.6,39.19
2026-02-15,Jaipur,Rajasthan,40.2,39.7,13.5,0.2,Clear,2026,2,February,Sunday,104.36,42.18
2026-02-15,Kochi,Kerala,31.6,89.6,8.8,21.9,Rain,2026,2,February,Sunday,88.88,36.08
2026-02-16,Bengaluru,Karnataka,29.6,77.5,13.2,4.0,Partly Cloudy,2026,2,February,Monday,85.28,33.48
2026-02-16,Hyderabad,Telangana,34.1,58.0,13.0,1.3,Clear,2026,2,February,Monday,93.38,37.0
2026-02-16,Chennai,Tamil Nadu,35.5,76.9,21.3,9.8,Cloudy,2026,2,February,Monday,95.9,39.34
2026-02-16,Pune,Maharashtra,30.3,55.1,12.6,0.5,Sunny,2026,2,February,Monday,86.54,33.06
2026-02-16,Mumbai,Maharashtra,33.9,75.1,19.0,2.7,Humid,2026,2,February,Monday,93.02,37.66
2026-02-16,Delhi,Delhi,38.5,49.8,10.2,0.3,Clear,2026,2,February,Monday,101.3,40.99
2026-02-16,Kolkata,West Bengal,36.8,81.4,7.8,9.1,Rain,2026,2,February,Monday,98.24,40.87
2026-02-16,Ahmedabad,Gujarat,39.5,41.1,19.6,0.2,Sunny,2026,2,February,Monday,103.1,41.56
2026-02-16,Jaipur,Rajasthan,37.5,45.8,16.8,0.1,Clear,2026,2,February,Monday,99.5,39.79
2026-02-16,Kochi,Kerala,30.6,78.2,11.8,12.9,Rain,2026,2,February,Monday,87.08,34.51
2026-02-17,Bengaluru,Karnataka,30.5,67.9,12.9,8.9,Partly Cloudy,2026,2,February,Tuesday,86.9,33.9
2026-02-17,Hyderabad,Telangana,35.4,62.2,12.7,0.8,Clear,2026,2,February,Tuesday,95.72,38.51
2026-02-17,Chennai,Tamil Nadu,36.9,68.7,19.6,2.2,Cloudy,2026,2,February,Tuesday,98.42,40.34
2026-02-17,Pune,Maharashtra,33.1,55.7,12.3,2.2,Sunny,2026,2,February,Tuesday,91.58,35.89
2026-02-17,Mumbai,Maharashtra,33.0,71.2,18.6,8.3,Humid,2026,2,February,Tuesday,91.4,36.56
2026-02-17,Delhi,Delhi,38.8,48.7,10.5,1.5,Clear,2026,2,February,Tuesday,101.84,41.24
2026-02-17,Kolkata,West Bengal,35.0,76.3,8.9,11.3,Rain,2026,2,February,Tuesday,95.0,38.82
2026-02-17,Ahmedabad,Gujarat,35.9,45.3,18.9,0.3,Sunny,2026,2,February,Tuesday,96.62,38.16
2026-02-17,Jaipur,Rajasthan,37.3,45.0,17.4,0.3,Clear,2026,2,February,Tuesday,99.14,39.55
2026-02-17,Kochi,Kerala,31.6,87.0,10.4,17.7,Rain,2026,2,February,Tuesday,88.88,35.95
2026-02-18,Bengaluru,Karnataka,29.6,77.2,14.9,6.8,Partly Cloudy,2026,2,February,Wednesday,85.28,33.46
2026-02-18,Hyderabad,Telangana,34.2,61.4,14.7,0.7,Clear,2026,2,February,Wednesday,93.56,37.27
2026-02-18,Chennai,Tamil Nadu,37.9,66.1,16.4,2.6,Cloudy,2026,2,February,Wednesday,100.22,41.2
2026-02-18,Pune,Maharashtra,30.9,62.4,7.4,0.6,Sunny,2026,2,February,Wednesday,87.62,34.02
2026-02-18,Mumbai,Maharashtra,33.8,73.7,13.2,9.8,Humid,2026,2,February,Wednesday,92.84,37.48
2026-02-18,Delhi,Delhi,37.6,52.3,13.6,0.5,Clear,2026,2,February,Wednesday,99.68,40.22
2026-02-18,Kolkata,West Bengal,37.0,84.0,7.0,4.6,Rain,2026,2,February,Wednesday,98.6,41.2
2026-02-18,Ahmedabad,Gujarat,37.9,45.0,17.9,0.1,Sunny,2026,2,February,Wednesday,100.22,40.15
2026-02-18,Jaipur,Rajasthan,38.4,36.9,16.1,0.3,Clear,2026,2,February,Wednesday,101.12,40.24
2026-02-18,Kochi,Kerala,30.9,85.0,12.6,6.8,Rain,2026,2,February,Wednesday,87.62,35.15
2026-02-19,Bengaluru,Karnataka,32.7,78.1,11.5,6.0,Partly Cloudy,2026,2,February,Thursday,90.86,36.61
2026-02-19,Hyderabad,Telangana,35.5,61.4,13.9,3.6,Clear,2026,2,February,Thursday,95.9,38.57
2026-02-19,Chennai,Tamil Nadu,37.1,67.7,16.7,4.7,Cloudy,2026,2,February,Thursday,98.78,40.48
2026-02-19,Pune,Maharashtra,31.6,64.7,12.0,2.3,Sunny,2026,2,February,Thursday,88.88,34.84
2026-02-19,Mumbai,Maharashtra,34.2,82.9,13.4,8.8,Humid,2026,2,February,Thursday,93.56,38.35
2026-02-19,Delhi,Delhi,39.1,58.1,10.9,0.9,Clear,2026,2,February,Thursday,102.38,42.0
2026-02-19,Kolkata,West Bengal,36.0,79.1,9.9,3.8,Rain,2026,2,February,Thursday,96.8,39.96
2026-02-19,Ahmedabad,Gujarat,37.6,45.1,16.3,0.2,Sunny,2026,2,February,Thursday,99.68,39.86
2026-02-19,Jaipur,Rajasthan,40.7,45.9,18.1,0.2,Clear,2026,2,February,Thursday,105.26,43.0
2026-02-19,Kochi,Kerala,33.5,89.4,13.4,4.4,Rain,2026,2,February,Thursday,92.3,37.97
2026-02-20,Bengaluru,Karnataka,31.9,68.7,13.3,4.6,Partly Cloudy,2026,2,February,Friday,89.42,35.34
2026-02-20,Hyderabad,Telangana,34.3,66.9,15.2,1.4,Clear,2026,2,February,Friday,93.74,37.64
2026-02-20,Chennai,Tamil Nadu,36.0,69.1,21.0,4.2,Cloudy,2026,2,February,Friday,96.8,39.46
2026-02-20,Pune,Maharashtra,31.1,60.1,7.9,1.7,Sunny,2026,2,February,Friday,87.98,34.11
2026-02-20,Mumbai,Maharashtra,34.8,78.2,14.7,8.2,Humid,2026,2,February,Friday,94.64,38.71
2026-02-20,Delhi,Delhi,37.4,47.1,10.1,0.5,Clear,2026,2,February,Friday,99.32,39.75
2026-02-20,Kolkata,West Bengal,34.6,79.7,8.4,6.3,Rain,2026,2,February,Friday,94.28,38.58
2026-02-20,Ahmedabad,Gujarat,36.2,45.6,21.2,0.4,Sunny,2026,2,February,Friday,97.16,38.48
2026-02-20,Jaipur,Rajasthan,39.0,44.1,13.7,0.3,Clear,2026,2,February,Friday,102.2,41.2
2026-02-20,Kochi,Kerala,32.1,84.7,11.8,12.4,Rain,2026,2,February,Friday,89.78,36.34
2026-02-21,Bengaluru,Karnataka,30.6,68.4,10.5,6.9,Partly Cloudy,2026,2,February,Saturday,87.08,34.02
2026-02-21,Hyderabad,Telangana,33.7,62.2,11.6,1.7,Clear,2026,2,February,Saturday,92.66,36.81
2026-02-21,Chennai,Tamil Nadu,37.4,66.3,18.6,6.0,Cloudy,2026,2,February,Saturday,99.32,40.71
2026-02-21,Pune,Maharashtra,31.0,64.8,9.0,2.0,Sunny,2026,2,February,Saturday,87.8,34.24
2026-02-21,Mumbai,Maharashtra,31.6,71.9,18.3,7.9,Humid,2026,2,February,Saturday,88.88,35.2
2026-02-21,Delhi,Delhi,35.5,50.4,12.0,1.4,Clear,2026,2,February,Saturday,95.9,38.02
2026-02-21,Kolkata,West Bengal,33.9,77.2,12.5,13.4,Rain,2026,2,February,Saturday,93.02,37.76
2026-02-21,Ahmedabad,Gujarat,36.5,42.7,18.3,0.4,Sunny,2026,2,February,Saturday,97.7,38.64
2026-02-21,Jaipur,Rajasthan,39.2,46.9,17.4,0.2,Clear,2026,2,February,Saturday,102.56,41.54
2026-02-21,Kochi,Kerala,33.2,87.4,12.7,12.6,Rain,2026,2,February,Saturday,91.76,37.57
2026-02-22,Bengaluru,Karnataka,32.5,74.9,14.7,3.2,Partly Cloudy,2026,2,February,Sunday,90.5,36.24
2026-02-22,Hyderabad,Telangana,35.6,54.1,16.1,2.5,Clear,2026,2,February,Sunday,96.08,38.3
2026-02-22,Chennai,Tamil Nadu,35.9,76.5,18.7,5.4,Cloudy,2026,2,February,Sunday,96.62,39.72
2026-02-22,Pune,Maharashtra,33.0,63.2,10.8,1.2,Sunny,2026,2,February,Sunday,91.4,36.16
2026-02-22,Mumbai,Maharashtra,32.7,77.4,17.4,6.1,Humid,2026,2,February,Sunday,90.86,36.57
2026-02-22,Delhi,Delhi,36.8,52.8,11.7,0.8,Clear,2026,2,February,Sunday,98.24,39.44
2026-02-22,Kolkata,West Bengal,36.6,85.9,9.7,9.2,Rain,2026,2,February,Sunday,97.88,40.9
2026-02-22,Ahmedabad,Gujarat,36.6,42.3,17.1,0.3,Sunny,2026,2,February,Sunday,97.88,38.72
2026-02-22,Jaipur,Rajasthan,39.0,36.2,18.0,0.2,Clear,2026,2,February,Sunday,102.2,40.81
2026-02-22,Kochi,Kerala,33.6,88.7,13.9,7.5,Rain,2026,2,February,Sunday,92.48,38.04
2026-02-23,Bengaluru,Karnataka,31.0,77.7,9.3,2.4,Partly Cloudy,2026,2,February,Monday,87.8,34.88
2026-02-23,Hyderabad,Telangana,34.4,61.0,17.0,3.1,Clear,2026,2,February,Monday,93.92,37.45
2026-02-23,Chennai,Tamil Nadu,36.0,77.0,18.4,6.2,Cloudy,2026,2,February,Monday,96.8,39.85
2026-02-23,Pune,Maharashtra,32.5,56.5,9.3,1.7,Sunny,2026,2,February,Monday,90.5,35.33
2026-02-23,Mumbai,Maharashtra,32.3,84.3,17.2,8.9,Humid,2026,2,February,Monday,90.14,36.52
2026-02-23,Delhi,Delhi,35.6,50.2,11.8,1.1,Clear,2026,2,February,Monday,96.08,38.11
2026-02-23,Kolkata,West Bengal,35.7,86.3,12.5,9.8,Rain,2026,2,February,Monday,96.26,40.02
2026-02-23,Ahmedabad,Gujarat,37.6,46.7,22.2,0.2,Sunny,2026,2,February,Monday,99.68,39.94
2026-02-23,Jaipur,Rajasthan,38.8,46.4,13.5,0.2,Clear,2026,2,February,Monday,101.84,41.12
2026-02-23,Kochi,Kerala,34.1,88.6,11.2,5.8,Rain,2026,2,February,Monday,93.38,38.53
2026-02-24,Bengaluru,Karnataka,32.8,74.7,14.1,11.6,Partly Cloudy,2026,2,February,Tuesday,91.04,36.53
2026-02-24,Hyderabad,Telangana,35.6,59.9,12.4,1.5,Clear,2026,2,February,Tuesday,96.08,38.6
2026-02-24,Chennai,Tamil Nadu,35.9,70.1,16.4,3.3,Cloudy,2026,2,February,Tuesday,96.62,39.4
2026-02-24,Pune,Maharashtra,32.3,59.4,9.3,2.5,Sunny,2026,2,February,Tuesday,90.14,35.27
2026-02-24,Mumbai,Maharashtra,33.4,71.6,15.6,12.1,Humid,2026,2,February,Tuesday,92.12,36.98
2026-02-24,Delhi,Delhi,36.4,54.7,9.4,0.8,Clear,2026,2,February,Tuesday,97.52,39.14
2026-02-24,Kolkata,West Bengal,36.7,82.2,10.7,5.7,Rain,2026,2,February,Tuesday,98.06,40.81
2026-02-24,Ahmedabad,Gujarat,37.8,45.7,17.8,0.4,Sunny,2026,2,February,Tuesday,100.04,40.08
2026-02-24,Jaipur,Rajasthan,38.8,49.0,15.9,0.2,Clear,2026,2,February,Tuesday,101.84,41.25
2026-02-24,Kochi,Kerala,30.6,79.2,12.7,5.7,Rain,2026,2,February,Tuesday,87.08,34.56
2026-02-25,Bengaluru,Karnataka,29.6,67.4,12.3,10.0,Partly Cloudy,2026,2,February,Wednesday,85.28,32.97
2026-02-25,Hyderabad,Telangana,34.5,65.3,11.9,0.7,Clear,2026,2,February,Wednesday,94.1,37.76
2026-02-25,Chennai,Tamil Nadu,36.9,67.5,19.6,4.8,Cloudy,2026,2,February,Wednesday,98.42,40.28
2026-02-25,Pune,Maharashtra,30.4,54.7,7.8,2.3,Sunny,2026,2,February,Wednesday,86.72,33.14
2026-02-25,Mumbai,Maharashtra,33.2,75.9,15.8,7.2,Humid,2026,2,February,Wednesday,91.76,37.0
2026-02-25,Delhi,Delhi,35.4,57.5,12.9,1.7,Clear,2026,2,February,Wednesday,95.72,38.28
2026-02-25,Kolkata,West Bengal,35.1,82.7,8.2,3.5,Rain,2026,2,February,Wednesday,95.18,39.24
2026-02-25,Ahmedabad,Gujarat,39.5,50.0,18.1,0.5,Sunny,2026,2,February,Wednesday,103.1,42.0
2026-02-25,Jaipur,Rajasthan,39.9,39.3,16.1,0.3,Clear,2026,2,February,Wednesday,103.82,41.86
2026-02-25,Kochi,Kerala,32.1,90.3,9.6,11.0,Rain,2026,2,February,Wednesday,89.78,36.62
2026-02-26,Bengaluru,Karnataka,32.1,68.1,11.1,10.5,Partly Cloudy,2026,2,February,Thursday,89.78,35.51
2026-02-26,Hyderabad,Telangana,33.9,65.1,13.0,1.2,Clear,2026,2,February,Thursday,93.02,37.16
2026-02-26,Chennai,Tamil Nadu,35.2,65.6,21.1,4.3,Cloudy,2026,2,February,Thursday,95.36,38.48
2026-02-26,Pune,Maharashtra,31.9,52.6,10.4,1.2,Sunny,2026,2,February,Thursday,89.42,34.53
2026-02-26,Mumbai,Maharashtra,32.4,71.9,13.8,12.6,Humid,2026,2,February,Thursday,90.32,35.99
2026-02-26,Delhi,Delhi,36.5,48.4,10.5,0.7,Clear,2026,2,February,Thursday,97.7,38.92
2026-02-26,Kolkata,West Bengal,34.2,74.5,10.7,7.7,Rain,2026,2,February,Thursday,93.56,37.93
2026-02-26,Ahmedabad,Gujarat,36.3,47.9,16.8,0.2,Sunny,2026,2,February,Thursday,97.34,38.7
2026-02-26,Jaipur,Rajasthan,39.9,36.8,15.2,0.3,Clear,2026,2,February,Thursday,103.82,41.74
2026-02-26,Kochi,Kerala,33.3,79.2,10.2,17.2,Rain,2026,2,February,Thursday,91.94,37.26
2026-02-27,Bengaluru,Karnataka,30.7,78.4,10.4,11.2,Partly Cloudy,2026,2,February,Friday,87.26,34.62
2026-02-27,Hyderabad,Telangana,34.0,57.2,14.2,1.0,Clear,2026,2,February,Friday,93.2,36.86
2026-02-27,Chennai,Tamil Nadu,36.6,66.7,20.7,6.9,Cloudy,2026,2,February,Friday,97.88,39.94
2026-02-27,Pune,Maharashtra,31.1,54.4,10.8,0.9,Sunny,2026,2,February,Friday,87.98,33.82
2026-02-27,Mumbai,Maharashtra,34.2,72.7,16.2,9.1,Humid,2026,2,February,Friday,93.56,37.84
2026-02-27,Delhi,Delhi,36.1,55.8,11.7,1.3,Clear,2026,2,February,Friday,96.98,38.89
2026-02-27,Kolkata,West Bengal,35.5,78.4,9.0,4.1,Rain,2026,2,February,Friday,95.9,39.42
2026-02-27,Ahmedabad,Gujarat,36.4,49.9,18.1,0.4,Sunny,2026,2,February,Friday,97.52,38.89
2026-02-27,Jaipur,Rajasthan,37.0,42.9,14.7,0.2,Clear,2026,2,February,Friday,98.6,39.15
2026-02-27,Kochi,Kerala,31.2,77.9,10.0,7.9,Rain,2026,2,February,Friday,88.16,35.1
2026-02-28,Bengaluru,Karnataka,29.6,75.0,10.9,5.9,Partly Cloudy,2026,2,February,Saturday,85.28,33.35
2026-02-28,Hyderabad,Telangana,35.6,64.8,16.8,3.3,Clear,2026,2,February,Saturday,96.08,38.84
2026-02-28,Chennai,Tamil Nadu,34.2,66.9,15.5,7.7,Cloudy,2026,2,February,Saturday,93.56,37.54
2026-02-28,Pune,Maharashtra,32.3,55.9,9.7,1.8,Sunny,2026,2,February,Saturday,90.14,35.1
2026-02-28,Mumbai,Maharashtra,33.5,74.5,18.2,6.8,Humid,2026,2,February,Saturday,92.3,37.22
2026-02-28,Delhi,Delhi,37.5,47.5,10.1,1.7,Clear,2026,2,February,Saturday,99.5,39.88
2026-02-28,Kolkata,West Bengal,36.2,84.0,6.9,3.4,Rain,2026,2,February,Saturday,97.16,40.4
2026-02-28,Ahmedabad,Gujarat,36.3,40.8,18.0,0.3,Sunny,2026,2,February,Saturday,97.34,38.34
2026-02-28,Jaipur,Rajasthan,36.7,39.4,16.3,0.1,Clear,2026,2,February,Saturday,98.06,38.67
2026-02-28,Kochi,Kerala,33.4,85.0,12.4,8.5,Rain,2026,2,February,Saturday,92.12,37.65
2026-03-01,Bengaluru,Karnataka,30.8,74.6,11.3,2.0,Partly Cloudy,2026,3,March,Sunday,87.44,34.53
2026-03-01,Hyderabad,Telangana,35.2,64.9,13.2,0.8,Clear,2026,3,March,Sunday,95.36,38.44
2026-03-01,Chennai,Tamil Nadu,37.1,71.5,15.6,3.9,Cloudy,2026,3,March,Sunday,98.78,40.68
2026-03-01,Pune,Maharashtra,30.0,62.1,8.5,2.3,Sunny,2026,3,March,Sunday,86.0,33.11
2026-03-01,Mumbai,Maharashtra,33.7,72.2,17.3,7.3,Humid,2026,3,March,Sunday,92.66,37.31
2026-03-01,Delhi,Delhi,38.0,56.6,11.1,0.4,Clear,2026,3,March,Sunday,100.4,40.83
2026-03-01,Kolkata,West Bengal,37.0,79.9,12.3,12.7,Rain,2026,3,March,Sunday,98.6,41.0
2026-03-01,Ahmedabad,Gujarat,38.5,49.6,20.0,0.3,Sunny,2026,3,March,Sunday,101.3,40.98
2026-03-01,Jaipur,Rajasthan,36.7,44.8,15.1,0.2,Clear,2026,3,March,Sunday,98.06,38.94
2026-03-01,Kochi,Kerala,33.7,78.8,12.7,4.5,Rain,2026,3,March,Sunday,92.66,37.64
2026-03-02,Bengaluru,Karnataka,31.8,76.3,10.8,7.3,Partly Cloudy,2026,3,March,Monday,89.24,35.62
2026-03-02,Hyderabad,Telangana,35.7,62.9,14.8,1.4,Clear,2026,3,March,Monday,96.26,38.85
2026-03-02,Chennai,Tamil Nadu,33.9,68.0,17.8,3.5,Cloudy,2026,3,March,Monday,93.02,37.3
2026-03-02,Pune,Maharashtra,30.8,52.9,11.4,1.8,Sunny,2026,3,March,Monday,87.44,33.44
2026-03-02,Mumbai,Maharashtra,31.6,74.4,16.2,7.9,Humid,2026,3,March,Monday,88.88,35.32
2026-03-02,Delhi,Delhi,38.7,49.9,11.2,1.6,Clear,2026,3,March,Monday,101.66,41.2
2026-03-02,Kolkata,West Bengal,33.7,81.9,8.7,14.5,Rain,2026,3,March,Monday,92.66,37.8
2026-03-02,Ahmedabad,Gujarat,37.7,48.6,17.2,0.4,Sunny,2026,3,March,Monday,99.86,40.13
2026-03-02,Jaipur,Rajasthan,38.8,41.5,17.1,0.3,Clear,2026,3,March,Monday,101.84,40.88
2026-03-02,Kochi,Kerala,30.4,81.1,10.3,7.6,Rain,2026,3,March,Monday,86.72,34.46
2026-03-03,Bengaluru,Karnataka,29.2,68.9,10.4,8.8,Partly Cloudy,2026,3,March,Tuesday,84.56,32.64
2026-03-03,Hyderabad,Telangana,33.6,55.6,13.4,2.1,Clear,2026,3,March,Tuesday,92.48,36.38
2026-03-03,Chennai,Tamil Nadu,35.0,65.4,15.7,1.8,Cloudy,2026,3,March,Tuesday,95.0,38.27
2026-03-03,Pune,Maharashtra,33.4,61.5,7.7,1.9,Sunny,2026,3,March,Tuesday,92.12,36.48
2026-03-03,Mumbai,Maharashtra,34.5,78.9,13.8,8.5,Humid,2026,3,March,Tuesday,94.1,38.44
2026-03-03,Delhi,Delhi,36.6,47.7,12.7,0.3,Clear,2026,3,March,Tuesday,97.88,38.98
2026-03-03,Kolkata,West Bengal,36.8,83.0,10.5,16.2,Rain,2026,3,March,Tuesday,98.24,40.95
2026-03-03,Ahmedabad,Gujarat,38.1,41.5,17.7,0.2,Sunny,2026,3,March,Tuesday,100.58,40.18
2026-03-03,Jaipur,Rajasthan,36.5,45.8,17.5,0.1,Clear,2026,3,March,Tuesday,97.7,38.79
2026-03-03,Kochi,Kerala,30.6,85.9,13.2,21.0,Rain,2026,3,March,Tuesday,87.08,34.9
2026-03-04,Bengaluru,Karnataka,29.6,76.0,14.2,9.2,Partly Cloudy,2026,3,March,Wednesday,85.28,33.4
2026-03-04,Hyderabad,Telangana,33.0,56.6,16.5,1.6,Clear,2026,3,March,Wednesday,91.4,35.83
2026-03-04,Chennai,Tamil Nadu,35.0,70.7,17.5,9.0,Cloudy,2026,3,March,Wednesday,95.0,38.53
2026-03-04,Pune,Maharashtra,30.4,51.6,10.6,1.7,Sunny,2026,3,March,Wednesday,86.72,32.98
2026-03-04,Mumbai,Maharashtra,33.8,80.9,18.5,14.1,Humid,2026,3,March,Wednesday,92.84,37.84
2026-03-04,Delhi,Delhi,36.8,52.0,10.3,0.7,Clear,2026,3,March,Wednesday,98.24,39.4
2026-03-04,Kolkata,West Bengal,35.3,75.1,10.8,5.2,Rain,2026,3,March,Wednesday,95.54,39.06
2026-03-04,Ahmedabad,Gujarat,37.2,51.6,16.7,0.1,Sunny,2026,3,March,Wednesday,98.96,39.78
2026-03-04,Jaipur,Rajasthan,38.1,37.7,16.8,0.1,Clear,2026,3,March,Wednesday,100.58,39.98
2026-03-04,Kochi,Kerala,33.2,89.0,12.8,11.6,Rain,2026,3,March,Wednesday,91.76,37.65
2026-03-05,Bengaluru,Karnataka,30.0,74.3,12.3,6.1,Partly Cloudy,2026,3,March,Thursday,86.0,33.72
2026-03-05,Hyderabad,Telangana,33.0,60.1,15.5,3.2,Clear,2026,3,March,Thursday,91.4,36.01
2026-03-05,Chennai,Tamil Nadu,37.1,65.3,17.1,5.6,Cloudy,2026,3,March,Thursday,98.78,40.36
2026-03-05,Pune,Maharashtra,31.6,55.9,8.4,0.6,Sunny,2026,3,March,Thursday,88.88,34.4
2026-03-05,Mumbai,Maharashtra,31.8,77.4,18.9,13.6,Humid,2026,3,March,Thursday,89.24,35.67
2026-03-05,Delhi,Delhi,38.2,58.6,15.2,1.2,Clear,2026,3,March,Thursday,100.76,41.13
2026-03-05,Kolkata,West Bengal,36.2,74.8,10.8,11.5,Rain,2026,3,March,Thursday,97.16,39.94
2026-03-05,Ahmedabad,Gujarat,36.6,46.0,21.9,0.3,Sunny,2026,3,March,Thursday,97.88,38.9
2026-03-05,Jaipur,Rajasthan,38.9,39.2,14.6,0.3,Clear,2026,3,March,Thursday,102.02,40.86
2026-03-05,Kochi,Kerala,29.9,79.6,12.2,12.0,Rain,2026,3,March,Thursday,85.82,33.88
2026-03-06,Bengaluru,Karnataka,29.1,74.2,11.4,7.6,Partly Cloudy,2026,3,March,Friday,84.38,32.81
2026-03-06,Hyderabad,Telangana,33.3,61.4,14.9,1.9,Clear,2026,3,March,Friday,91.94,36.37
2026-03-06,Chennai,Tamil Nadu,33.9,65.5,20.6,6.5,Cloudy,2026,3,March,Friday,93.02,37.17
2026-03-06,Pune,Maharashtra,29.8,63.1,8.7,0.6,Sunny,2026,3,March,Friday,85.64,32.96
2026-03-06,Mumbai,Maharashtra,32.5,74.5,16.0,9.3,Humid,2026,3,March,Friday,90.5,36.22
2026-03-06,Delhi,Delhi,35.6,53.0,10.1,1.1,Clear,2026,3,March,Friday,96.08,38.25
2026-03-06,Kolkata,West Bengal,35.3,75.1,9.1,3.9,Rain,2026,3,March,Friday,95.54,39.06
2026-03-06,Ahmedabad,Gujarat,37.1,50.1,19.5,0.4,Sunny,2026,3,March,Friday,98.78,39.61
2026-03-06,Jaipur,Rajasthan,39.2,36.6,18.4,0.3,Clear,2026,3,March,Friday,102.56,41.03
2026-03-06,Kochi,Kerala,30.1,88.6,10.5,6.9,Rain,2026,3,March,Friday,86.18,34.53
2026-03-07,Bengaluru,Karnataka,32.6,72.9,13.8,3.3,Partly Cloudy,2026,3,March,Saturday,90.68,36.25
2026-03-07,Hyderabad,Telangana,34.7,54.8,12.9,1.8,Clear,2026,3,March,Saturday,94.46,37.44
2026-03-07,Chennai,Tamil Nadu,33.4,71.3,16.6,4.3,Cloudy,2026,3,March,Saturday,92.12,36.96
2026-03-07,Pune,Maharashtra,32.1,57.0,12.5,1.7,Sunny,2026,3,March,Saturday,89.78,34.95
2026-03-07,Mumbai,Maharashtra,33.8,78.9,18.6,13.2,Humid,2026,3,March,Saturday,92.84,37.74
2026-03-07,Delhi,Delhi,35.3,55.4,11.4,1.4,Clear,2026,3,March,Saturday,95.54,38.07
2026-03-07,Kolkata,West Bengal,35.6,85.6,7.4,8.2,Rain,2026,3,March,Saturday,96.08,39.88
2026-03-07,Ahmedabad,Gujarat,38.2,51.3,20.5,0.1,Sunny,2026,3,March,Saturday,100.76,40.76
2026-03-07,Jaipur,Rajasthan,38.6,36.4,15.8,0.3,Clear,2026,3,March,Saturday,101.48,40.42
2026-03-07,Kochi,Kerala,30.1,90.0,12.2,8.5,Rain,2026,3,March,Saturday,86.18,34.6
2026-03-08,Bengaluru,Karnataka,29.5,71.3,14.2,7.6,Partly Cloudy,2026,3,March,Sunday,85.1,33.06
2026-03-08,Hyderabad,Telangana,31.9,54.3,12.2,3.2,Clear,2026,3,March,Sunday,89.42,34.61
2026-03-08,Chennai,Tamil Nadu,34.0,70.8,17.0,7.7,Cloudy,2026,3,March,Sunday,93.2,37.54
2026-03-08,Pune,Maharashtra,30.7,53.0,12.5,1.6,Sunny,2026,3,March,Sunday,87.26,33.35
2026-03-08,Mumbai,Maharashtra,33.0,82.3,18.8,2.6,Humid,2026,3,March,Sunday,91.4,37.12
2026-03-08,Delhi,Delhi,36.0,47.1,12.4,1.6,Clear,2026,3,March,Sunday,96.8,38.35
2026-03-08,Kolkata,West Bengal,36.0,74.5,7.8,14.5,Rain,2026,3,March,Sunday,96.8,39.72
2026-03-08,Ahmedabad,Gujarat,37.9,43.5,19.1,0.2,Sunny,2026,3,March,Sunday,100.22,40.07
2026-03-08,Jaipur,Rajasthan,39.5,40.5,17.7,0.2,Clear,2026,3,March,Sunday,103.1,41.52
2026-03-08,Kochi,Kerala,29.9,81.6,9.4,20.3,Rain,2026,3,March,Sunday,85.82,33.98
2026-03-09,Bengaluru,Karnataka,31.0,65.6,10.2,5.5,Partly Cloudy,2026,3,March,Monday,87.8,34.28
2026-03-09,Hyderabad,Telangana,33.3,62.1,13.8,1.7,Clear,2026,3,March,Monday,91.94,36.4
2026-03-09,Chennai,Tamil Nadu,33.2,71.1,17.3,1.9,Cloudy,2026,3,March,Monday,91.76,36.76
2026-03-09,Pune,Maharashtra,31.0,64.8,7.5,0.7,Sunny,2026,3,March,Monday,87.8,34.24
2026-03-09,Mumbai,Maharashtra,32.9,74.8,14.7,8.6,Humid,2026,3,March,Monday,91.22,36.64
2026-03-09,Delhi,Delhi,35.6,53.0,12.6,1.7,Clear,2026,3,March,Monday,96.08,38.25
2026-03-09,Kolkata,West Bengal,36.7,74.5,10.1,13.8,Rain,2026,3,March,Monday,98.06,40.43
2026-03-09,Ahmedabad,Gujarat,38.6,48.8,20.0,0.4,Sunny,2026,3,March,Monday,101.48,41.04
2026-03-09,Jaipur,Rajasthan,37.5,38.9,17.3,0.3,Clear,2026,3,March,Monday,99.5,39.44
2026-03-09,Kochi,Kerala,33.3,86.5,9.9,17.9,Rain,2026,3,March,Monday,91.94,37.62
2026-03-10,Bengaluru,Karnataka,31.5,72.1,13.0,5.4,Partly Cloudy,2026,3,March,Tuesday,88.7,35.1
2026-03-10,Hyderabad,Telangana,33.6,59.7,11.9,1.7,Clear,2026,3,March,Tuesday,92.48,36.58
2026-03-10,Chennai,Tamil Nadu,34.4,76.8,18.2,4.9,Cloudy,2026,3,March,Tuesday,93.92,38.24
2026-03-10,Pune,Maharashtra,30.0,54.3,9.3,0.7,Sunny,2026,3,March,Tuesday,86.0,32.72
2026-03-10,Mumbai,Maharashtra,30.2,83.2,15.8,7.9,Humid,2026,3,March,Tuesday,86.36,34.36
2026-03-10,Delhi,Delhi,36.7,49.2,10.4,0.4,Clear,2026,3,March,Tuesday,98.06,39.16
2026-03-10,Kolkata,West Bengal,33.9,78.3,11.1,10.7,Rain,2026,3,March,Tuesday,93.02,37.82
2026-03-10,Ahmedabad,Gujarat,38.8,42.8,21.7,0.4,Sunny,2026,3,March,Tuesday,101.84,40.94
2026-03-10,Jaipur,Rajasthan,36.3,37.5,16.0,0.4,Clear,2026,3,March,Tuesday,97.34,38.17
2026-03-10,Kochi,Kerala,30.9,87.8,10.7,19.9,Rain,2026,3,March,Tuesday,87.62,35.29
2026-03-11,Bengaluru,Karnataka,28.7,71.8,14.6,4.6,Partly Cloudy,2026,3,March,Wednesday,83.66,32.29
2026-03-11,Hyderabad,Telangana,32.3,54.3,12.5,1.5,Clear,2026,3,March,Wednesday,90.14,35.02
2026-03-11,Chennai,Tamil Nadu,35.9,66.1,17.7,3.5,Cloudy,2026,3,March,Wednesday,96.62,39.2
2026-03-11,Pune,Maharashtra,31.4,63.1,11.1,0.8,Sunny,2026,3,March,Wednesday,88.52,34.56
2026-03-11,Mumbai,Maharashtra,33.0,84.5,16.7,3.4,Humid,2026,3,March,Wednesday,91.4,37.22
2026-03-11,Delhi,Delhi,37.6,57.3,11.4,0.5,Clear,2026,3,March,Wednesday,99.68,40.47
2026-03-11,Kolkata,West Bengal,33.3,81.5,12.0,12.0,Rain,2026,3,March,Wednesday,91.94,37.38
2026-03-11,Ahmedabad,Gujarat,38.7,41.0,18.2,0.4,Sunny,2026,3,March,Wednesday,101.66,40.75
2026-03-11,Jaipur,Rajasthan,38.5,40.7,16.6,0.2,Clear,2026,3,March,Wednesday,101.3,40.53
2026-03-11,Kochi,Kerala,29.6,82.8,8.4,15.4,Rain,2026,3,March,Wednesday,85.28,33.74
2026-03-12,Bengaluru,Karnataka,29.7,71.9,12.8,4.5,Partly Cloudy,2026,3,March,Thursday,85.46,33.3
2026-03-12,Hyderabad,Telangana,33.1,54.2,17.1,2.4,Clear,2026,3,March,Thursday,91.58,35.81
2026-03-12,Chennai,Tamil Nadu,37.0,63.8,19.0,8.0,Cloudy,2026,3,March,Thursday,98.6,40.19
2026-03-12,Pune,Maharashtra,30.2,52.3,8.1,0.7,Sunny,2026,3,March,Thursday,86.36,32.82
2026-03-12,Mumbai,Maharashtra,33.1,72.3,18.0,7.7,Humid,2026,3,March,Thursday,91.58,36.72
2026-03-12,Delhi,Delhi,36.5,53.2,12.7,1.3,Clear,2026,3,March,Thursday,97.7,39.16
2026-03-12,Kolkata,West Bengal,34.9,78.6,11.1,6.5,Rain,2026,3,March,Thursday,94.82,38.83
2026-03-12,Ahmedabad,Gujarat,37.7,48.7,20.9,0.2,Sunny,2026,3,March,Thursday,99.86,40.14
2026-03-12,Jaipur,Rajasthan,38.9,48.7,15.2,0.1,Clear,2026,3,March,Thursday,102.02,41.34
2026-03-12,Kochi,Kerala,31.4,90.2,8.9,3.9,Rain,2026,3,March,Thursday,88.52,35.91
2026-03-13,Bengaluru,Karnataka,30.2,74.2,13.8,5.5,Partly Cloudy,2026,3,March,Friday,86.36,33.91
2026-03-13,Hyderabad,Telangana,35.1,57.2,16.0,0.9,Clear,2026,3,March,Friday,95.18,37.96
2026-03-13,Chennai,Tamil Nadu,33.0,64.9,15.7,6.1,Cloudy,2026,3,March,Friday,91.4,36.24
2026-03-13,Pune,Maharashtra,31.0,53.5,12.8,1.2,Sunny,2026,3,March,Friday,87.8,33.67
2026-03-13,Mumbai,Maharashtra,30.5,73.5,17.5,13.8,Humid,2026,3,March,Friday,86.9,34.17
2026-03-13,Delhi,Delhi,34.9,45.4,14.1,0.7,Clear,2026,3,March,Friday,94.82,37.17
2026-03-13,Kolkata,West Bengal,36.4,81.0,10.5,7.8,Rain,2026,3,March,Friday,97.52,40.45
2026-03-13,Ahmedabad,Gujarat,38.0,44.4,18.1,0.5,Sunny,2026,3,March,Friday,100.4,40.22
2026-03-13,Jaipur,Rajasthan,36.2,45.3,12.9,0.3,Clear,2026,3,March,Friday,97.16,38.47
2026-03-13,Kochi,Kerala,30.8,89.1,8.5,14.2,Rain,2026,3,March,Friday,87.44,35.26
2026-03-14,Bengaluru,Karnataka,29.9,77.9,14.9,8.1,Partly Cloudy,2026,3,March,Saturday,85.82,33.8
2026-03-14,Hyderabad,Telangana,31.9,57.5,13.1,2.0,Clear,2026,3,March,Saturday,89.42,34.78
2026-03-14,Chennai,Tamil Nadu,33.8,65.8,19.9,7.3,Cloudy,2026,3,March,Saturday,92.84,37.09
2026-03-14,Pune,Maharashtra,29.9,64.9,8.5,1.6,Sunny,2026,3,March,Saturday,85.82,33.14
2026-03-14,Mumbai,Maharashtra,30.5,83.1,18.3,5.7,Humid,2026,3,March,Saturday,86.9,34.66
2026-03-14,Delhi,Delhi,37.2,56.5,11.1,0.8,Clear,2026,3,March,Saturday,98.96,40.03
2026-03-14,Kolkata,West Bengal,34.3,86.5,7.7,12.6,Rain,2026,3,March,Saturday,93.74,38.62
2026-03-14,Ahmedabad,Gujarat,37.1,44.3,19.7,0.5,Sunny,2026,3,March,Saturday,98.78,39.32
2026-03-14,Jaipur,Rajasthan,36.5,47.4,14.7,0.3,Clear,2026,3,March,Saturday,97.7,38.87
2026-03-14,Kochi,Kerala,32.6,79.6,13.3,22.2,Rain,2026,3,March,Saturday,90.68,36.58
2026-03-15,Bengaluru,Karnataka,29.4,65.3,9.9,11.4,Partly Cloudy,2026,3,March,Sunday,84.92,32.66
2026-03-15,Hyderabad,Telangana,31.0,66.8,12.4,2.9,Clear,2026,3,March,Sunday,87.8,34.34
2026-03-15,Chennai,Tamil Nadu,33.2,65.4,19.4,2.5,Cloudy,2026,3,March,Sunday,91.76,36.47
2026-03-15,Pune,Maharashtra,30.0,63.9,11.5,2.3,Sunny,2026,3,March,Sunday,86.0,33.2
2026-03-15,Mumbai,Maharashtra,33.7,71.5,14.5,12.2,Humid,2026,3,March,Sunday,92.66,37.28
2026-03-15,Delhi,Delhi,36.8,45.5,12.4,0.6,Clear,2026,3,March,Sunday,98.24,39.07
2026-03-15,Kolkata,West Bengal,34.0,75.5,6.8,17.0,Rain,2026,3,March,Sunday,93.2,37.78
2026-03-15,Ahmedabad,Gujarat,35.9,50.3,16.9,0.3,Sunny,2026,3,March,Sunday,96.62,38.42
2026-03-15,Jaipur,Rajasthan,36.1,41.0,13.6,0.3,Clear,2026,3,March,Sunday,96.98,38.15
2026-03-15,Kochi,Kerala,29.7,87.3,11.1,5.8,Rain,2026,3,March,Sunday,85.46,34.06
2026-03-16,Bengaluru,Karnataka,29.5,71.9,14.7,5.4,Partly Cloudy,2026,3,March,Monday,85.1,33.1
2026-03-16,Hyderabad,Telangana,31.7,67.5,16.8,2.9,Clear,2026,3,March,Monday,89.06,35.08
2026-03-16,Chennai,Tamil Nadu,33.8,65.5,16.9,2.3,Cloudy,2026,3,March,Monday,92.84,37.07
2026-03-16,Pune,Maharashtra,28.8,58.1,9.6,1.6,Sunny,2026,3,March,Monday,83.84,31.7
2026-03-16,Mumbai,Maharashtra,31.1,71.1,17.2,10.5,Humid,2026,3,March,Monday,87.98,34.66
2026-03-16,Delhi,Delhi,36.2,52.7,13.5,1.8,Clear,2026,3,March,Monday,97.16,38.84
2026-03-16,Kolkata,West Bengal,35.7,84.0,9.1,7.4,Rain,2026,3,March,Monday,96.26,39.9
2026-03-16,Ahmedabad,Gujarat,36.3,51.6,18.5,0.3,Sunny,2026,3,March,Monday,97.34,38.88
2026-03-16,Jaipur,Rajasthan,37.1,37.0,18.5,0.1,Clear,2026,3,March,Monday,98.78,38.95
2026-03-16,Kochi,Kerala,31.4,90.0,9.6,15.1,Rain,2026,3,March,Monday,88.52,35.9
2026-03-17,Bengaluru,Karnataka,29.5,68.4,10.4,3.1,Partly Cloudy,2026,3,March,Tuesday,85.1,32.92
2026-03-17,Hyderabad,Telangana,34.2,65.0,17.0,0.8,Clear,2026,3,March,Tuesday,93.56,37.45
2026-03-17,Chennai,Tamil Nadu,35.4,67.5,19.2,6.5,Cloudy,2026,3,March,Tuesday,95.72,38.78
2026-03-17,Pune,Maharashtra,29.8,64.6,7.2,2.0,Sunny,2026,3,March,Tuesday,85.64,33.03
2026-03-17,Mumbai,Maharashtra,33.0,78.1,16.7,14.7,Humid,2026,3,March,Tuesday,91.4,36.9
2026-03-17,Delhi,Delhi,34.8,53.8,13.9,0.9,Clear,2026,3,March,Tuesday,94.64,37.49
2026-03-17,Kolkata,West Bengal,35.0,79.5,9.9,11.6,Rain,2026,3,March,Tuesday,95.0,38.98
2026-03-17,Ahmedabad,Gujarat,37.2,42.5,20.0,0.3,Sunny,2026,3,March,Tuesday,98.96,39.33
2026-03-17,Jaipur,Rajasthan,36.3,43.6,14.1,0.3,Clear,2026,3,March,Tuesday,97.34,38.48
2026-03-17,Kochi,Kerala,30.8,87.1,11.2,12.6,Rain,2026,3,March,Tuesday,87.44,35.16
2026-03-18,Bengaluru,Karnataka,28.8,67.0,14.8,7.1,Partly Cloudy,2026,3,March,Wednesday,83.84,32.15
2026-03-18,Hyderabad,Telangana,32.8,61.4,16.4,1.4,Clear,2026,3,March,Wednesday,91.04,35.87
2026-03-18,Chennai,Tamil Nadu,33.2,74.5,18.1,7.3,Cloudy,2026,3,March,Wednesday,91.76,36.93
2026-03-18,Pune,Maharashtra,31.7,63.5,12.4,0.5,Sunny,2026,3,March,Wednesday,89.06,34.88
2026-03-18,Mumbai,Maharashtra,31.0,82.6,18.0,4.0,Humid,2026,3,March,Wednesday,87.8,35.13
2026-03-18,Delhi,Delhi,34.4,48.5,10.0,0.8,Clear,2026,3,March,Wednesday,93.92,36.82
2026-03-18,Kolkata,West Bengal,35.2,81.3,9.4,4.1,Rain,2026,3,March,Wednesday,95.36,39.26
2026-03-18,Ahmedabad,Gujarat,36.0,52.0,20.4,0.3,Sunny,2026,3,March,Wednesday,96.8,38.6
2026-03-18,Jaipur,Rajasthan,37.2,46.2,17.1,0.1,Clear,2026,3,March,Wednesday,98.96,39.51
2026-03-18,Kochi,Kerala,31.5,82.1,11.2,8.1,Rain,2026,3,March,Wednesday,88.7,35.6
2026-03-19,Bengaluru,Karnataka,29.3,69.8,11.5,2.1,Partly Cloudy,2026,3,March,Thursday,84.74,32.79
2026-03-19,Hyderabad,Telangana,31.4,62.0,11.8,1.2,Clear,2026,3,March,Thursday,88.52,34.5
2026-03-19,Chennai,Tamil Nadu,35.3,66.8,17.2,3.8,Cloudy,2026,3,March,Thursday,95.54,38.64
2026-03-19,Pune,Maharashtra,31.7,52.3,11.0,2.2,Sunny,2026,3,March,Thursday,89.06,34.32
2026-03-19,Mumbai,Maharashtra,30.2,76.9,17.9,10.1,Humid,2026,3,March,Thursday,86.36,34.04
2026-03-19,Delhi,Delhi,35.2,45.6,12.1,0.9,Clear,2026,3,March,Thursday,95.36,37.48
2026-03-19,Kolkata,West Bengal,34.8,78.1,9.1,12.1,Rain,2026,3,March,Thursday,94.64,38.7
2026-03-19,Ahmedabad,Gujarat,37.6,42.9,18.5,0.4,Sunny,2026,3,March,Thursday,99.68,39.75
2026-03-19,Jaipur,Rajasthan,38.9,37.7,18.3,0.3,Clear,2026,3,March,Thursday,102.02,40.78
2026-03-19,Kochi,Kerala,30.2,86.3,10.1,5.0,Rain,2026,3,March,Thursday,86.36,34.52
2026-03-20,Bengaluru,Karnataka,30.8,70.3,12.4,6.8,Partly Cloudy,2026,3,March,Friday,87.44,34.32
2026-03-20,Hyderabad,Telangana,34.1,64.6,11.7,2.5,Clear,2026,3,March,Friday,93.38,37.33
2026-03-20,Chennai,Tamil Nadu,34.2,69.5,20.3,5.3,Cloudy,2026,3,March,Friday,93.56,37.68
2026-03-20,Pune,Maharashtra,30.1,63.5,9.8,1.5,Sunny,2026,3,March,Friday,86.18,33.28
2026-03-20,Mumbai,Maharashtra,31.4,82.5,17.1,11.6,Humid,2026,3,March,Friday,88.52,35.52
2026-03-20,Delhi,Delhi,35.2,45.6,13.5,1.1,Clear,2026,3,March,Friday,95.36,37.48
2026-03-20,Kolkata,West Bengal,34.9,84.8,7.4,6.0,Rain,2026,3,March,Friday,94.82,39.14
2026-03-20,Ahmedabad,Gujarat,34.6,49.4,16.8,0.1,Sunny,2026,3,March,Friday,94.28,37.07
2026-03-20,Jaipur,Rajasthan,38.2,42.9,12.8,0.3,Clear,2026,3,March,Friday,100.76,40.35
2026-03-20,Kochi,Kerala,31.5,83.8,8.4,16.6,Rain,2026,3,March,Friday,88.7,35.69
2026-03-21,Bengaluru,Karnataka,29.3,73.2,15.2,9.9,Partly Cloudy,2026,3,March,Saturday,84.74,32.96
2026-03-21,Hyderabad,Telangana,33.9,56.0,13.5,2.3,Clear,2026,3,March,Saturday,93.02,36.7
2026-03-21,Chennai,Tamil Nadu,32.3,76.8,16.9,4.0,Cloudy,2026,3,March,Saturday,90.14,36.14
2026-03-21,Pune,Maharashtra,29.4,54.6,12.4,1.6,Sunny,2026,3,March,Saturday,84.92,32.13
2026-03-21,Mumbai,Maharashtra,31.3,76.9,13.4,6.2,Humid,2026,3,March,Saturday,88.34,35.15
2026-03-21,Delhi,Delhi,37.0,56.2,14.5,0.7,Clear,2026,3,March,Saturday,98.6,39.81
2026-03-21,Kolkata,West Bengal,32.6,74.7,9.9,8.2,Rain,2026,3,March,Saturday,90.68,36.34
2026-03-21,Ahmedabad,Gujarat,36.0,44.8,19.7,0.3,Sunny,2026,3,March,Saturday,96.8,38.24
2026-03-21,Jaipur,Rajasthan,38.3,37.8,18.0,0.2,Clear,2026,3,March,Saturday,100.94,40.19
2026-03-21,Kochi,Kerala,28.8,81.4,11.3,11.3,Rain,2026,3,March,Saturday,83.84,32.87
2026-03-22,Bengaluru,Karnataka,29.8,69.5,10.8,9.7,Partly Cloudy,2026,3,March,Sunday,85.64,33.28
2026-03-22,Hyderabad,Telangana,31.5,63.9,16.3,2.5,Clear,2026,3,March,Sunday,88.7,34.7
2026-03-22,Chennai,Tamil Nadu,34.0,76.1,18.0,9.4,Cloudy,2026,3,March,Sunday,93.2,37.8
2026-03-22,Pune,Maharashtra,28.3,57.1,11.0,0.5,Sunny,2026,3,March,Sunday,82.94,31.16
2026-03-22,Mumbai,Maharashtra,32.6,72.0,16.7,4.7,Humid,2026,3,March,Sunday,90.68,36.2
2026-03-22,Delhi,Delhi,37.2,52.9,14.2,1.0,Clear,2026,3,March,Sunday,98.96,39.85
2026-03-22,Kolkata,West Bengal,34.4,83.4,8.5,5.9,Rain,2026,3,March,Sunday,93.92,38.57
2026-03-22,Ahmedabad,Gujarat,37.4,40.0,21.7,0.2,Sunny,2026,3,March,Sunday,99.32,39.4
2026-03-22,Jaipur,Rajasthan,35.4,36.3,17.2,0.3,Clear,2026,3,March,Sunday,95.72,37.21
2026-03-22,Kochi,Kerala,30.1,86.2,9.6,20.6,Rain,2026,3,March,Sunday,86.18,34.41
2026-03-23,Bengaluru,Karnataka,30.2,67.2,9.5,8.7,Partly Cloudy,2026,3,March,Monday,86.36,33.56
2026-03-23,Hyderabad,Telangana,30.4,65.7,13.3,1.4,Clear,2026,3,March,Monday,86.72,33.68
2026-03-23,Chennai,Tamil Nadu,34.4,67.5,18.7,3.1,Cloudy,2026,3,March,Monday,93.92,37.78
2026-03-23,Pune,Maharashtra,31.6,55.5,12.2,0.7,Sunny,2026,3,March,Monday,88.88,34.38
2026-03-23,Mumbai,Maharashtra,32.3,84.7,15.4,2.9,Humid,2026,3,March,Monday,90.14,36.53
2026-03-23,Delhi,Delhi,34.9,54.0,10.7,1.1,Clear,2026,3,March,Monday,94.82,37.6
2026-03-23,Kolkata,West Bengal,31.9,80.5,11.1,9.0,Rain,2026,3,March,Monday,89.42,35.92
2026-03-23,Ahmedabad,Gujarat,36.7,39.6,21.2,0.1,Sunny,2026,3,March,Monday,98.06,38.68
2026-03-23,Jaipur,Rajasthan,38.6,48.9,18.1,0.2,Clear,2026,3,March,Monday,101.48,41.04
2026-03-23,Kochi,Kerala,29.5,81.9,12.6,13.0,Rain,2026,3,March,Monday,85.1,33.6
2026-03-24,Bengaluru,Karnataka,31.1,66.3,12.1,10.4,Partly Cloudy,2026,3,March,Tuesday,87.98,34.42
2026-03-24,Hyderabad,Telangana,32.6,61.6,12.0,1.1,Clear,2026,3,March,Tuesday,90.68,35.68
2026-03-24,Chennai,Tamil Nadu,33.1,75.5,20.4,3.7,Cloudy,2026,3,March,Tuesday,91.58,36.88
2026-03-24,Pune,Maharashtra,31.6,51.5,10.8,2.5,Sunny,2026,3,March,Tuesday,88.88,34.18
2026-03-24,Mumbai,Maharashtra,30.4,84.2,17.0,3.1,Humid,2026,3,March,Tuesday,86.72,34.61
2026-03-24,Delhi,Delhi,34.6,51.3,10.9,1.4,Clear,2026,3,March,Tuesday,94.28,37.16
2026-03-24,Kolkata,West Bengal,32.2,85.0,8.5,3.8,Rain,2026,3,March,Tuesday,89.96,36.45
2026-03-24,Ahmedabad,Gujarat,36.1,39.3,19.5,0.4,Sunny,2026,3,March,Tuesday,96.98,38.06
2026-03-24,Jaipur,Rajasthan,37.2,41.5,12.7,0.2,Clear,2026,3,March,Tuesday,98.96,39.28
2026-03-24,Kochi,Kerala,28.7,86.1,8.9,14.5,Rain,2026,3,March,Tuesday,83.66,33.0
2026-03-25,Bengaluru,Karnataka,28.7,70.2,13.2,3.5,Partly Cloudy,2026,3,March,Wednesday,83.66,32.21
2026-03-25,Hyderabad,Telangana,30.8,67.2,13.5,3.3,Clear,2026,3,March,Wednesday,87.44,34.16
2026-03-25,Chennai,Tamil Nadu,35.4,69.7,16.2,2.6,Cloudy,2026,3,March,Wednesday,95.72,38.88
2026-03-25,Pune,Maharashtra,31.3,52.6,10.2,1.5,Sunny,2026,3,March,Wednesday,88.34,33.93
2026-03-25,Mumbai,Maharashtra,29.4,77.5,14.1,9.0,Humid,2026,3,March,Wednesday,84.92,33.28
2026-03-25,Delhi,Delhi,35.2,50.1,10.6,0.9,Clear,2026,3,March,Wednesday,95.36,37.71
2026-03-25,Kolkata,West Bengal,32.2,75.8,8.1,15.3,Rain,2026,3,March,Wednesday,89.96,35.99
2026-03-25,Ahmedabad,Gujarat,35.8,50.5,16.3,0.5,Sunny,2026,3,March,Wednesday,96.44,38.32
2026-03-25,Jaipur,Rajasthan,36.6,46.1,15.9,0.3,Clear,2026,3,March,Wednesday,97.88,38.9
2026-03-25,Kochi,Kerala,29.1,87.5,9.0,8.6,Rain,2026,3,March,Wednesday,84.38,33.48
2026-03-26,Bengaluru,Karnataka,27.3,70.5,12.3,4.8,Partly Cloudy,2026,3,March,Thursday,81.14,30.83
2026-03-26,Hyderabad,Telangana,33.5,55.2,15.0,1.4,Clear,2026,3,March,Thursday,92.3,36.26
2026-03-26,Chennai,Tamil Nadu,34.2,74.0,19.6,2.3,Cloudy,2026,3,March,Thursday,93.56,37.9
2026-03-26,Pune,Maharashtra,28.7,59.4,13.1,0.5,Sunny,2026,3,March,Thursday,83.66,31.67
2026-03-26,Mumbai,Maharashtra,31.3,80.7,18.0,6.7,Humid,2026,3,March,Thursday,88.34,35.34
2026-03-26,Delhi,Delhi,36.3,51.5,14.9,0.3,Clear,2026,3,March,Thursday,97.34,38.88
2026-03-26,Kolkata,West Bengal,35.0,79.8,9.1,4.1,Rain,2026,3,March,Thursday,95.0,38.99
2026-03-26,Ahmedabad,Gujarat,34.7,48.3,20.3,0.2,Sunny,2026,3,March,Thursday,94.46,37.12
2026-03-26,Jaipur,Rajasthan,36.0,37.0,13.7,0.1,Clear,2026,3,March,Thursday,96.8,37.85
2026-03-26,Kochi,Kerala,29.4,90.7,14.1,18.4,Rain,2026,3,March,Thursday,84.92,33.94
2026-03-27,Bengaluru,Karnataka,29.0,72.0,13.9,10.8,Partly Cloudy,2026,3,March,Friday,84.2,32.6
2026-03-27,Hyderabad,Telangana,32.9,62.9,12.7,2.6,Clear,2026,3,March,Friday,91.22,36.04
2026-03-27,Chennai,Tamil Nadu,35.1,74.0,15.9,8.0,Cloudy,2026,3,March,Friday,95.18,38.8
2026-03-27,Pune,Maharashtra,29.0,53.3,13.0,1.8,Sunny,2026,3,March,Friday,84.2,31.66
2026-03-27,Mumbai,Maharashtra,31.7,72.9,18.1,14.0,Humid,2026,3,March,Friday,89.06,35.34
2026-03-27,Delhi,Delhi,36.6,55.4,14.4,1.5,Clear,2026,3,March,Friday,97.88,39.37
2026-03-27,Kolkata,West Bengal,33.6,80.1,11.7,14.0,Rain,2026,3,March,Friday,92.48,37.61
2026-03-27,Ahmedabad,Gujarat,37.1,42.2,22.0,0.3,Sunny,2026,3,March,Friday,98.78,39.21
2026-03-27,Jaipur,Rajasthan,38.3,36.6,18.3,0.3,Clear,2026,3,March,Friday,100.94,40.13
2026-03-27,Kochi,Kerala,29.0,88.7,9.5,7.4,Rain,2026,3,March,Friday,84.2,33.44
2026-03-28,Bengaluru,Karnataka,28.8,68.3,12.2,10.8,Partly Cloudy,2026,3,March,Saturday,83.84,32.22
2026-03-28,Hyderabad,Telangana,32.5,63.9,13.9,3.1,Clear,2026,3,March,Saturday,90.5,35.7
2026-03-28,Chennai,Tamil Nadu,34.8,72.6,21.0,8.9,Cloudy,2026,3,March,Saturday,94.64,38.43
2026-03-28,Pune,Maharashtra,29.1,52.2,11.1,2.2,Sunny,2026,3,March,Saturday,84.38,31.71
2026-03-28,Mumbai,Maharashtra,30.0,79.3,18.1,12.2,Humid,2026,3,March,Saturday,86.0,33.97
2026-03-28,Delhi,Delhi,32.9,51.8,9.5,0.5,Clear,2026,3,March,Saturday,91.22,35.49
2026-03-28,Kolkata,West Bengal,34.3,79.9,10.3,9.4,Rain,2026,3,March,Saturday,93.74,38.29
2026-03-28,Ahmedabad,Gujarat,34.8,41.0,18.3,0.5,Sunny,2026,3,March,Saturday,94.64,36.85
2026-03-28,Jaipur,Rajasthan,36.9,39.1,13.0,0.1,Clear,2026,3,March,Saturday,98.42,38.85
2026-03-28,Kochi,Kerala,30.7,83.2,12.1,18.7,Rain,2026,3,March,Saturday,87.26,34.86
2026-03-29,Bengaluru,Karnataka,27.4,74.6,9.4,10.0,Partly Cloudy,2026,3,March,Sunday,81.32,31.13
2026-03-29,Hyderabad,Telangana,30.4,57.8,17.2,1.8,Clear,2026,3,March,Sunday,86.72,33.29
2026-03-29,Chennai,Tamil Nadu,32.4,75.5,19.0,9.5,Cloudy,2026,3,March,Sunday,90.32,36.17
2026-03-29,Pune,Maharashtra,29.0,58.0,12.9,1.5,Sunny,2026,3,March,Sunday,84.2,31.9
2026-03-29,Mumbai,Maharashtra,32.5,73.7,18.1,4.5,Humid,2026,3,March,Sunday,90.5,36.18
2026-03-29,Delhi,Delhi,34.9,45.0,10.5,1.7,Clear,2026,3,March,Sunday,94.82,37.15
2026-03-29,Kolkata,West Bengal,32.8,85.3,8.2,7.9,Rain,2026,3,March,Sunday,91.04,37.06
2026-03-29,Ahmedabad,Gujarat,33.8,45.7,21.4,0.3,Sunny,2026,3,March,Sunday,92.84,36.08
2026-03-29,Jaipur,Rajasthan,35.8,48.0,17.9,0.3,Clear,2026,3,March,Sunday,96.44,38.2
2026-03-29,Kochi,Kerala,28.1,85.7,10.8,21.5,Rain,2026,3,March,Sunday,82.58,32.39
2026-03-30,Bengaluru,Karnataka,28.2,74.3,13.0,5.6,Partly Cloudy,2026,3,March,Monday,82.76,31.92
2026-03-30,Hyderabad,Telangana,31.7,63.5,16.9,2.2,Clear,2026,3,March,Monday,89.06,34.88
2026-03-30,Chennai,Tamil Nadu,32.9,76.7,15.6,9.0,Cloudy,2026,3,March,Monday,91.22,36.74
2026-03-30,Pune,Maharashtra,30.0,58.8,9.9,2.0,Sunny,2026,3,March,Monday,86.0,32.94
2026-03-30,Mumbai,Maharashtra,32.0,81.2,17.6,2.9,Humid,2026,3,March,Monday,89.6,36.06
2026-03-30,Delhi,Delhi,34.0,46.9,15.1,1.6,Clear,2026,3,March,Monday,93.2,36.34
2026-03-30,Kolkata,West Bengal,31.5,82.2,10.2,3.5,Rain,2026,3,March,Monday,88.7,35.61
2026-03-30,Ahmedabad,Gujarat,34.9,48.5,20.0,0.2,Sunny,2026,3,March,Monday,94.82,37.32
2026-03-30,Jaipur,Rajasthan,37.2,39.1,15.8,0.2,Clear,2026,3,March,Monday,98.96,39.16
2026-03-30,Kochi,Kerala,31.6,86.1,12.9,16.3,Rain,2026,3,March,Monday,88.88,35.9
2026-03-31,Bengaluru,Karnataka,28.2,78.5,13.5,8.7,Partly Cloudy,2026,3,March,Tuesday,82.76,32.12
2026-03-31,Hyderabad,Telangana,30.6,56.3,15.0,3.2,Clear,2026,3,March,Tuesday,87.08,33.42
2026-03-31,Chennai,Tamil Nadu,34.5,67.9,16.1,6.2,Cloudy,2026,3,March,Tuesday,94.1,37.9
2026-03-31,Pune,Maharashtra,30.7,53.3,11.6,0.8,Sunny,2026,3,March,Tuesday,87.26,33.36
2026-03-31,Mumbai,Maharashtra,29.6,71.7,14.9,7.2,Humid,2026,3,March,Tuesday,85.28,33.18
2026-03-31,Delhi,Delhi,36.5,58.5,10.5,0.8,Clear,2026,3,March,Tuesday,97.7,39.42
2026-03-31,Kolkata,West Bengal,34.6,76.8,8.6,9.1,Rain,2026,3,March,Tuesday,94.28,38.44
2026-03-31,Ahmedabad,Gujarat,33.6,41.6,18.6,0.3,Sunny,2026,3,March,Tuesday,92.48,35.68
2026-03-31,Jaipur,Rajasthan,38.0,38.7,13.7,0.3,Clear,2026,3,March,Tuesday,100.4,39.94
2026-03-31,Kochi,Kerala,29.4,88.7,11.9,18.2,Rain,2026,3,March,Tuesday,84.92,33.84
2026-04-01,Bengaluru,Karnataka,27.9,67.1,13.7,6.5,Partly Cloudy,2026,4,April,Wednesday,82.22,31.26
2026-04-01,Hyderabad,Telangana,31.6,63.4,16.0,1.5,Clear,2026,4,April,Wednesday,88.88,34.77
2026-04-01,Chennai,Tamil Nadu,32.7,75.8,18.5,4.2,Cloudy,2026,4,April,Wednesday,90.86,36.49
2026-04-01,Pune,Maharashtra,29.6,54.6,11.8,0.5,Sunny,2026,4,April,Wednesday,85.28,32.33
2026-04-01,Mumbai,Maharashtra,31.5,78.9,15.2,14.0,Humid,2026,4,April,Wednesday,88.7,35.44
2026-04-01,Delhi,Delhi,33.6,48.4,9.8,1.1,Clear,2026,4,April,Wednesday,92.48,36.02
2026-04-01,Kolkata,West Bengal,33.7,83.5,9.2,14.4,Rain,2026,4,April,Wednesday,92.66,37.88
2026-04-01,Ahmedabad,Gujarat,33.5,42.3,20.1,0.5,Sunny,2026,4,April,Wednesday,92.3,35.62
2026-04-01,Jaipur,Rajasthan,36.5,44.7,17.1,0.2,Clear,2026,4,April,Wednesday,97.7,38.74
2026-04-01,Kochi,Kerala,31.3,87.4,10.2,11.0,Rain,2026,4,April,Wednesday,88.34,35.67
2026-04-02,Bengaluru,Karnataka,29.7,69.9,10.3,10.4,Partly Cloudy,2026,4,April,Thursday,85.46,33.2
2026-04-02,Hyderabad,Telangana,31.4,61.3,15.5,3.5,Clear,2026,4,April,Thursday,88.52,34.46
2026-04-02,Chennai,Tamil Nadu,31.6,67.7,15.7,5.3,Cloudy,2026,4,April,Thursday,88.88,34.98
2026-04-02,Pune,Maharashtra,29.0,62.9,11.2,1.6,Sunny,2026,4,April,Thursday,84.2,32.15
2026-04-02,Mumbai,Maharashtra,29.7,79.0,14.7,12.9,Humid,2026,4,April,Thursday,85.46,33.65
2026-04-02,Delhi,Delhi,35.6,56.7,10.3,1.3,Clear,2026,4,April,Thursday,96.08,38.44
2026-04-02,Kolkata,West Bengal,33.6,81.0,12.1,15.7,Rain,2026,4,April,Thursday,92.48,37.65
2026-04-02,Ahmedabad,Gujarat,36.0,49.5,20.1,0.5,Sunny,2026,4,April,Thursday,96.8,38.48
2026-04-02,Jaipur,Rajasthan,34.4,44.9,16.7,0.2,Clear,2026,4,April,Thursday,93.92,36.64
2026-04-02,Kochi,Kerala,28.5,77.9,11.7,19.1,Rain,2026,4,April,Thursday,83.3,32.4
2026-04-03,Bengaluru,Karnataka,27.5,68.0,10.5,2.9,Partly Cloudy,2026,4,April,Friday,81.5,30.9
2026-04-03,Hyderabad,Telangana,31.9,67.6,16.3,1.8,Clear,2026,4,April,Friday,89.42,35.28
2026-04-03,Chennai,Tamil Nadu,33.8,64.0,20.3,4.6,Cloudy,2026,4,April,Friday,92.84,37.0
2026-04-03,Pune,Maharashtra,26.9,59.8,8.0,1.0,Sunny,2026,4,April,Friday,80.42,29.89
2026-04-03,Mumbai,Maharashtra,28.2,77.2,16.4,12.4,Humid,2026,4,April,Friday,82.76,32.06
2026-04-03,Delhi,Delhi,32.5,56.6,10.1,0.6,Clear,2026,4,April,Friday,90.5,35.33
2026-04-03,Kolkata,West Bengal,33.0,78.8,8.7,11.0,Rain,2026,4,April,Friday,91.4,36.94
2026-04-03,Ahmedabad,Gujarat,33.8,49.1,17.5,0.5,Sunny,2026,4,April,Friday,92.84,36.25
2026-04-03,Jaipur,Rajasthan,37.0,42.5,12.7,0.3,Clear,2026,4,April,Friday,98.6,39.12
2026-04-03,Kochi,Kerala,27.4,84.1,10.6,4.9,Rain,2026,4,April,Friday,81.32,31.6
2026-04-04,Bengaluru,Karnataka,28.8,75.1,12.7,5.9,Partly Cloudy,2026,4,April,Saturday,83.84,32.56
2026-04-04,Hyderabad,Telangana,31.2,62.2,12.9,3.4,Clear,2026,4,April,Saturday,88.16,34.31
2026-04-04,Chennai,Tamil Nadu,34.9,74.3,21.1,4.6,Cloudy,2026,4,April,Saturday,94.82,38.61
2026-04-04,Pune,Maharashtra,30.8,52.0,10.1,0.7,Sunny,2026,4,April,Saturday,87.44,33.4
2026-04-04,Mumbai,Maharashtra,29.7,80.6,17.4,8.1,Humid,2026,4,April,Saturday,85.46,33.73
2026-04-04,Delhi,Delhi,33.6,47.7,11.8,0.7,Clear,2026,4,April,Saturday,92.48,35.98
2026-04-04,Kolkata,West Bengal,31.2,84.3,9.8,9.1,Rain,2026,4,April,Saturday,88.16,35.42
2026-04-04,Ahmedabad,Gujarat,33.6,47.9,17.4,0.2,Sunny,2026,4,April,Saturday,92.48,36.0
2026-04-04,Jaipur,Rajasthan,36.0,44.8,18.3,0.3,Clear,2026,4,April,Saturday,96.8,38.24
2026-04-04,Kochi,Kerala,31.0,89.9,12.4,17.1,Rain,2026,4,April,Saturday,87.8,35.49
2026-04-05,Bengaluru,Karnataka,26.5,67.9,9.3,10.4,Partly Cloudy,2026,4,April,Sunday,79.7,29.9
2026-04-05,Hyderabad,Telangana,31.9,62.8,13.1,1.7,Clear,2026,4,April,Sunday,89.42,35.04
2026-04-05,Chennai,Tamil Nadu,31.5,71.9,21.2,4.4,Cloudy,2026,4,April,Sunday,88.7,35.1
2026-04-05,Pune,Maharashtra,26.9,53.5,9.3,2.3,Sunny,2026,4,April,Sunday,80.42,29.58
2026-04-05,Mumbai,Maharashtra,31.0,77.4,13.7,3.8,Humid,2026,4,April,Sunday,87.8,34.87
2026-04-05,Delhi,Delhi,32.7,55.9,12.2,1.8,Clear,2026,4,April,Sunday,90.86,35.5
2026-04-05,Kolkata,West Bengal,34.0,85.1,9.6,14.6,Rain,2026,4,April,Sunday,93.2,38.26
2026-04-05,Ahmedabad,Gujarat,33.2,39.5,19.6,0.3,Sunny,2026,4,April,Sunday,91.76,35.18
2026-04-05,Jaipur,Rajasthan,34.5,38.5,12.6,0.3,Clear,2026,4,April,Sunday,94.1,36.42
2026-04-05,Kochi,Kerala,30.0,90.2,14.0,11.8,Rain,2026,4,April,Sunday,86.0,34.51
2026-04-06,Bengaluru,Karnataka,29.0,70.4,14.1,10.2,Partly Cloudy,2026,4,April,Monday,84.2,32.52
2026-04-06,Hyderabad,Telangana,29.5,54.2,12.8,2.5,Clear,2026,4,April,Monday,85.1,32.21
2026-04-06,Chennai,Tamil Nadu,32.2,63.1,20.3,8.6,Cloudy,2026,4,April,Monday,89.96,35.36
2026-04-06,Pune,Maharashtra,28.5,51.6,12.5,1.5,Sunny,2026,4,April,Monday,83.3,31.08
2026-04-06,Mumbai,Maharashtra,28.0,75.5,16.8,13.3,Humid,2026,4,April,Monday,82.4,31.78
2026-04-06,Delhi,Delhi,34.0,54.0,10.6,0.7,Clear,2026,4,April,Monday,93.2,36.7
2026-04-06,Kolkata,West Bengal,33.8,79.4,7.3,11.3,Rain,2026,4,April,Monday,92.84,37.77
2026-04-06,Ahmedabad,Gujarat,33.1,40.8,18.9,0.4,Sunny,2026,4,April,Monday,91.58,35.14
2026-04-06,Jaipur,Rajasthan,36.1,44.9,15.1,0.1,Clear,2026,4,April,Monday,96.98,38.34
2026-04-06,Kochi,Kerala,29.9,77.8,10.9,11.2,Rain,2026,4,April,Monday,85.82,33.79
2026-04-07,Bengaluru,Karnataka,28.7,75.0,10.6,8.3,Partly Cloudy,2026,4,April,Tuesday,83.66,32.45
2026-04-07,Hyderabad,Telangana,31.6,60.6,12.4,3.5,Clear,2026,4,April,Tuesday,88.88,34.63
2026-04-07,Chennai,Tamil Nadu,33.0,63.9,16.7,10.3,Cloudy,2026,4,April,Tuesday,91.4,36.2
2026-04-07,Pune,Maharashtra,27.4,56.5,11.9,2.2,Sunny,2026,4,April,Tuesday,81.32,30.22
2026-04-07,Mumbai,Maharashtra,30.2,81.4,13.3,3.6,Humid,2026,4,April,Tuesday,86.36,34.27
2026-04-07,Delhi,Delhi,35.8,56.2,9.6,0.4,Clear,2026,4,April,Tuesday,96.44,38.61
2026-04-07,Kolkata,West Bengal,31.1,87.0,8.0,12.4,Rain,2026,4,April,Tuesday,87.98,35.45
2026-04-07,Ahmedabad,Gujarat,36.2,46.9,21.7,0.2,Sunny,2026,4,April,Tuesday,97.16,38.54
2026-04-07,Jaipur,Rajasthan,34.0,35.3,17.0,0.1,Clear,2026,4,April,Tuesday,93.2,35.76
2026-04-07,Kochi,Kerala,30.8,86.9,9.2,18.7,Rain,2026,4,April,Tuesday,87.44,35.15
2026-04-08,Bengaluru,Karnataka,26.6,72.2,9.8,9.6,Partly Cloudy,2026,4,April,Wednesday,79.88,30.21
2026-04-08,Hyderabad,Telangana,32.3,66.8,11.5,3.3,Clear,2026,4,April,Wednesday,90.14,35.64
2026-04-08,Chennai,Tamil Nadu,32.8,74.5,18.3,7.1,Cloudy,2026,4,April,Wednesday,91.04,36.52
2026-04-08,Pune,Maharashtra,28.8,62.2,7.7,0.5,Sunny,2026,4,April,Wednesday,83.84,31.91
2026-04-08,Mumbai,Maharashtra,29.7,75.1,15.5,2.6,Humid,2026,4,April,Wednesday,85.46,33.46
2026-04-08,Delhi,Delhi,34.8,45.3,14.4,1.5,Clear,2026,4,April,Wednesday,94.64,37.06
2026-04-08,Kolkata,West Bengal,31.9,75.7,10.6,5.8,Rain,2026,4,April,Wednesday,89.42,35.68
2026-04-08,Ahmedabad,Gujarat,34.1,39.5,22.1,0.3,Sunny,2026,4,April,Wednesday,93.38,36.08
2026-04-08,Jaipur,Rajasthan,34.7,36.3,16.9,0.3,Clear,2026,4,April,Wednesday,94.46,36.52
2026-04-08,Kochi,Kerala,30.2,78.4,10.3,9.4,Rain,2026,4,April,Wednesday,86.36,34.12
2026-04-09,Bengaluru,Karnataka,28.9,67.1,12.8,11.5,Partly Cloudy,2026,4,April,Thursday,84.02,32.25
2026-04-09,Hyderabad,Telangana,31.7,54.1,11.9,1.0,Clear,2026,4,April,Thursday,89.06,34.4
2026-04-09,Chennai,Tamil Nadu,33.2,71.4,18.4,5.7,Cloudy,2026,4,April,Thursday,91.76,36.77
2026-04-09,Pune,Maharashtra,28.0,59.6,11.1,2.3,Sunny,2026,4,April,Thursday,82.4,30.98
2026-04-09,Mumbai,Maharashtra,30.4,82.2,18.6,12.8,Humid,2026,4,April,Thursday,86.72,34.51
2026-04-09,Delhi,Delhi,34.6,45.4,13.5,1.6,Clear,2026,4,April,Thursday,94.28,36.87
2026-04-09,Kolkata,West Bengal,31.7,86.3,7.8,16.3,Rain,2026,4,April,Thursday,89.06,36.02
2026-04-09,Ahmedabad,Gujarat,34.1,47.9,17.7,0.2,Sunny,2026,4,April,Thursday,93.38,36.5
2026-04-09,Jaipur,Rajasthan,34.6,39.5,13.1,0.2,Clear,2026,4,April,Thursday,94.28,36.58
2026-04-09,Kochi,Kerala,30.7,86.2,13.7,17.9,Rain,2026,4,April,Thursday,87.26,35.01
2026-04-10,Bengaluru,Karnataka,29.1,78.9,13.7,4.6,Partly Cloudy,2026,4,April,Friday,84.38,33.04
2026-04-10,Hyderabad,Telangana,29.5,59.8,11.6,1.4,Clear,2026,4,April,Friday,85.1,32.49
2026-04-10,Chennai,Tamil Nadu,33.9,75.9,17.3,8.4,Cloudy,2026,4,April,Friday,93.02,37.7
2026-04-10,Pune,Maharashtra,29.3,63.5,12.0,1.5,Sunny,2026,4,April,Friday,84.74,32.48
2026-04-10,Mumbai,Maharashtra,27.8,82.6,15.0,10.2,Humid,2026,4,April,Friday,82.04,31.93
2026-04-10,Delhi,Delhi,33.1,52.5,15.2,0.5,Clear,2026,4,April,Friday,91.58,35.72
2026-04-10,Kolkata,West Bengal,32.0,83.1,9.9,16.2,Rain,2026,4,April,Friday,89.6,36.16
2026-04-10,Ahmedabad,Gujarat,33.9,50.8,20.3,0.5,Sunny,2026,4,April,Friday,93.02,36.44
2026-04-10,Jaipur,Rajasthan,33.5,38.0,14.2,0.3,Clear,2026,4,April,Friday,92.3,35.4
2026-04-10,Kochi,Kerala,26.7,80.6,12.4,22.1,Rain,2026,4,April,Friday,80.06,30.73
2026-04-11,Bengaluru,Karnataka,26.4,71.1,13.3,8.7,Partly Cloudy,2026,4,April,Saturday,79.52,29.96
2026-04-11,Hyderabad,Telangana,31.4,64.5,13.0,1.4,Clear,2026,4,April,Saturday,88.52,34.62
2026-04-11,Chennai,Tamil Nadu,30.4,72.7,16.6,4.0,Cloudy,2026,4,April,Saturday,86.72,34.03
2026-04-11,Pune,Maharashtra,30.0,60.0,10.7,1.8,Sunny,2026,4,April,Saturday,86.0,33.0
2026-04-11,Mumbai,Maharashtra,29.6,80.7,14.9,3.2,Humid,2026,4,April,Saturday,85.28,33.64
2026-04-11,Delhi,Delhi,31.8,45.2,11.6,0.5,Clear,2026,4,April,Saturday,89.24,34.06
2026-04-11,Kolkata,West Bengal,30.2,80.9,12.5,12.6,Rain,2026,4,April,Saturday,86.36,34.24
2026-04-11,Ahmedabad,Gujarat,33.2,48.8,17.3,0.1,Sunny,2026,4,April,Saturday,91.76,35.64
2026-04-11,Jaipur,Rajasthan,34.3,40.7,16.6,0.2,Clear,2026,4,April,Saturday,93.74,36.33
2026-04-11,Kochi,Kerala,29.5,78.3,13.7,10.1,Rain,2026,4,April,Saturday,85.1,33.42
2026-04-12,Bengaluru,Karnataka,28.9,65.4,14.2,4.2,Partly Cloudy,2026,4,April,Sunday,84.02,32.17
2026-04-12,Hyderabad,Telangana,31.8,65.2,15.5,1.5,Clear,2026,4,April,Sunday,89.24,35.06
2026-04-12,Chennai,Tamil Nadu,30.2,65.7,20.7,3.1,Cloudy,2026,4,April,Sunday,86.36,33.48
2026-04-12,Pune,Maharashtra,28.7,59.2,11.2,0.8,Sunny,2026,4,April,Sunday,83.66,31.66
2026-04-12,Mumbai,Maharashtra,27.7,72.4,19.0,7.2,Humid,2026,4,April,Sunday,81.86,31.32
2026-04-12,Delhi,Delhi,34.1,53.0,10.7,0.4,Clear,2026,4,April,Sunday,93.38,36.75
2026-04-12,Kolkata,West Bengal,29.7,85.9,7.5,16.6,Rain,2026,4,April,Sunday,85.46,33.99
2026-04-12,Ahmedabad,Gujarat,33.5,48.1,17.0,0.4,Sunny,2026,4,April,Sunday,92.3,35.9
2026-04-12,Jaipur,Rajasthan,34.0,40.1,15.6,0.1,Clear,2026,4,April,Sunday,93.2,36.01
2026-04-12,Kochi,Kerala,27.4,88.1,9.8,10.8,Rain,2026,4,April,Sunday,81.32,31.8
2026-04-13,Bengaluru,Karnataka,28.5,68.1,10.4,4.1,Partly Cloudy,2026,4,April,Monday,83.3,31.9
2026-04-13,Hyderabad,Telangana,29.8,59.1,15.3,2.1,Clear,2026,4,April,Monday,85.64,32.76
2026-04-13,Chennai,Tamil Nadu,33.5,63.7,19.3,9.0,Cloudy,2026,4,April,Monday,92.3,36.68
2026-04-13,Pune,Maharashtra,26.9,51.4,9.8,0.7,Sunny,2026,4,April,Monday,80.42,29.47
2026-04-13,Mumbai,Maharashtra,28.9,81.0,13.7,3.9,Humid,2026,4,April,Monday,84.02,32.95
2026-04-13,Delhi,Delhi,33.3,47.4,10.8,1.0,Clear,2026,4,April,Monday,91.94,35.67
2026-04-13,Kolkata,West Bengal,30.0,75.0,8.9,9.5,Rain,2026,4,April,Monday,86.0,33.75
2026-04-13,Ahmedabad,Gujarat,35.7,45.8,16.6,0.2,Sunny,2026,4,April,Monday,96.26,37.99
2026-04-13,Jaipur,Rajasthan,35.8,42.9,17.7,0.3,Clear,2026,4,April,Monday,96.44,37.94
2026-04-13,Kochi,Kerala,29.8,78.5,13.8,13.5,Rain,2026,4,April,Monday,85.64,33.72
2026-04-14,Bengaluru,Karnataka,26.3,67.4,14.4,4.0,Partly Cloudy,2026,4,April,Tuesday,79.34,29.67
2026-04-14,Hyderabad,Telangana,28.5,57.7,17.0,2.1,Clear,2026,4,April,Tuesday,83.3,31.38
2026-04-14,Chennai,Tamil Nadu,32.9,64.0,18.0,4.5,Cloudy,2026,4,April,Tuesday,91.22,36.1
2026-04-14,Pune,Maharashtra,26.7,60.3,9.4,0.7,Sunny,2026,4,April,Tuesday,80.06,29.72
2026-04-14,Mumbai,Maharashtra,30.9,77.7,14.2,2.6,Humid,2026,4,April,Tuesday,87.62,34.78
2026-04-14,Delhi,Delhi,33.9,52.2,9.5,1.0,Clear,2026,4,April,Tuesday,93.02,36.51
2026-04-14,Kolkata,West Bengal,32.4,81.5,8.1,10.0,Rain,2026,4,April,Tuesday,90.32,36.48
2026-04-14,Ahmedabad,Gujarat,34.3,47.1,17.1,0.5,Sunny,2026,4,April,Tuesday,93.74,36.65
2026-04-14,Jaipur,Rajasthan,36.6,45.4,17.6,0.2,Clear,2026,4,April,Tuesday,97.88,38.87
2026-04-14,Kochi,Kerala,29.9,79.5,9.5,14.8,Rain,2026,4,April,Tuesday,85.82,33.88
2026-04-15,Bengaluru,Karnataka,28.9,66.1,10.5,2.3,Partly Cloudy,2026,4,April,Wednesday,84.02,32.2
2026-04-15,Hyderabad,Telangana,29.8,56.0,12.6,3.0,Clear,2026,4,April,Wednesday,85.64,32.6
2026-04-15,Chennai,Tamil Nadu,32.2,76.2,17.7,7.6,Cloudy,2026,4,April,Wednesday,89.96,36.01
2026-04-15,Pune,Maharashtra,25.8,64.3,8.6,1.4,Sunny,2026,4,April,Wednesday,78.44,29.02
2026-04-15,Mumbai,Maharashtra,28.9,84.3,16.1,14.7,Humid,2026,4,April,Wednesday,84.02,33.11
2026-04-15,Delhi,Delhi,33.7,48.0,14.4,0.6,Clear,2026,4,April,Wednesday,92.66,36.1
2026-04-15,Kolkata,West Bengal,33.4,80.4,8.1,16.5,Rain,2026,4,April,Wednesday,92.12,37.42
2026-04-15,Ahmedabad,Gujarat,33.1,43.7,18.3,0.4,Sunny,2026,4,April,Wednesday,91.58,35.29
2026-04-15,Jaipur,Rajasthan,32.8,40.2,13.5,0.3,Clear,2026,4,April,Wednesday,91.04,34.81
2026-04-15,Kochi,Kerala,26.2,85.5,9.6,12.2,Rain,2026,4,April,Wednesday,79.16,30.48
2026-04-16,Bengaluru,Karnataka,27.5,75.0,10.0,4.3,Partly Cloudy,2026,4,April,Thursday,81.5,31.25
2026-04-16,Hyderabad,Telangana,28.5,67.4,12.4,1.1,Clear,2026,4,April,Thursday,83.3,31.87
2026-04-16,Chennai,Tamil Nadu,31.9,71.1,20.6,2.2,Cloudy,2026,4,April,Thursday,89.42,35.46
2026-04-16,Pune,Maharashtra,26.6,53.3,10.7,1.4,Sunny,2026,4,April,Thursday,79.88,29.26
2026-04-16,Mumbai,Maharashtra,28.4,83.4,17.1,13.0,Humid,2026,4,April,Thursday,83.12,32.57
2026-04-16,Delhi,Delhi,34.9,48.8,15.1,0.9,Clear,2026,4,April,Thursday,94.82,37.34
2026-04-16,Kolkata,West Bengal,29.5,86.8,7.3,3.1,Rain,2026,4,April,Thursday,85.1,33.84
2026-04-16,Ahmedabad,Gujarat,32.9,42.0,22.0,0.5,Sunny,2026,4,April,Thursday,91.22,35.0
2026-04-16,Jaipur,Rajasthan,34.3,42.4,17.6,0.3,Clear,2026,4,April,Thursday,93.74,36.42
2026-04-16,Kochi,Kerala,28.7,84.2,8.8,8.3,Rain,2026,4,April,Thursday,83.66,32.91
2026-04-17,Bengaluru,Karnataka,27.8,73.2,14.0,10.7,Partly Cloudy,2026,4,April,Friday,82.04,31.46
2026-04-17,Hyderabad,Telangana,31.8,56.7,12.0,3.5,Clear,2026,4,April,Friday,89.24,34.64
2026-04-17,Chennai,Tamil Nadu,32.0,65.5,19.5,4.0,Cloudy,2026,4,April,Friday,89.6,35.28
2026-04-17,Pune,Maharashtra,26.6,56.1,10.3,1.8,Sunny,2026,4,April,Friday,79.88,29.4
2026-04-17,Mumbai,Maharashtra,27.0,81.4,16.8,8.3,Humid,2026,4,April,Friday,80.6,31.07
2026-04-17,Delhi,Delhi,33.7,56.2,9.5,1.0,Clear,2026,4,April,Friday,92.66,36.51
2026-04-17,Kolkata,West Bengal,31.9,83.9,10.6,5.4,Rain,2026,4,April,Friday,89.42,36.1
2026-04-17,Ahmedabad,Gujarat,35.5,49.0,17.6,0.3,Sunny,2026,4,April,Friday,95.9,37.95
2026-04-17,Jaipur,Rajasthan,36.4,37.9,15.0,0.3,Clear,2026,4,April,Friday,97.52,38.3
2026-04-17,Kochi,Kerala,29.6,80.3,12.5,10.4,Rain,2026,4,April,Friday,85.28,33.62
2026-04-18,Bengaluru,Karnataka,27.7,75.7,10.0,4.1,Partly Cloudy,2026,4,April,Saturday,81.86,31.48
2026-04-18,Hyderabad,Telangana,28.7,57.7,11.7,1.1,Clear,2026,4,April,Saturday,83.66,31.58
2026-04-18,Chennai,Tamil Nadu,31.3,68.9,15.8,6.8,Cloudy,2026,4,April,Saturday,88.34,34.75
2026-04-18,Pune,Maharashtra,29.3,59.1,9.3,1.9,Sunny,2026,4,April,Saturday,84.74,32.26
2026-04-18,Mumbai,Maharashtra,28.4,73.5,16.0,2.7,Humid,2026,4,April,Saturday,83.12,32.07
2026-04-18,Delhi,Delhi,33.6,47.3,11.6,1.7,Clear,2026,4,April,Saturday,92.48,35.97
2026-04-18,Kolkata,West Bengal,32.2,85.7,10.6,11.9,Rain,2026,4,April,Saturday,89.96,36.48
2026-04-18,Ahmedabad,Gujarat,34.4,51.5,17.4,0.4,Sunny,2026,4,April,Saturday,93.92,36.98
2026-04-18,Jaipur,Rajasthan,33.6,38.6,17.4,0.2,Clear,2026,4,April,Saturday,92.48,35.53
2026-04-18,Kochi,Kerala,29.3,89.3,11.6,7.4,Rain,2026,4,April,Saturday,84.74,33.76
2026-04-19,Bengaluru,Karnataka,25.0,72.5,13.6,4.6,Partly Cloudy,2026,4,April,Sunday,77.0,28.62
2026-04-19,Hyderabad,Telangana,28.0,54.1,12.5,2.8,Clear,2026,4,April,Sunday,82.4,30.7
2026-04-19,Chennai,Tamil Nadu,29.6,66.2,16.9,7.9,Cloudy,2026,4,April,Sunday,85.28,32.91
2026-04-19,Pune,Maharashtra,29.4,51.3,7.9,2.4,Sunny,2026,4,April,Sunday,84.92,31.96
2026-04-19,Mumbai,Maharashtra,30.4,73.1,15.1,8.9,Humid,2026,4,April,Sunday,86.72,34.06
2026-04-19,Delhi,Delhi,32.1,50.8,12.3,0.7,Clear,2026,4,April,Sunday,89.78,34.64
2026-04-19,Kolkata,West Bengal,29.3,75.2,7.7,4.2,Rain,2026,4,April,Sunday,84.74,33.06
2026-04-19,Ahmedabad,Gujarat,34.0,47.8,17.8,0.4,Sunny,2026,4,April,Sunday,93.2,36.39
2026-04-19,Jaipur,Rajasthan,35.3,39.8,15.5,0.1,Clear,2026,4,April,Sunday,95.54,37.29
2026-04-19,Kochi,Kerala,29.6,84.8,8.4,6.6,Rain,2026,4,April,Sunday,85.28,33.84
2026-04-20,Bengaluru,Karnataka,27.7,70.4,13.5,4.2,Partly Cloudy,2026,4,April,Monday,81.86,31.22
2026-04-20,Hyderabad,Telangana,30.9,65.2,12.1,2.5,Clear,2026,4,April,Monday,87.62,34.16
2026-04-20,Chennai,Tamil Nadu,30.2,72.9,20.1,8.6,Cloudy,2026,4,April,Monday,86.36,33.84
2026-04-20,Pune,Maharashtra,26.3,52.3,11.2,1.6,Sunny,2026,4,April,Monday,79.34,28.92
2026-04-20,Mumbai,Maharashtra,27.0,73.7,16.6,3.8,Humid,2026,4,April,Monday,80.6,30.68
2026-04-20,Delhi,Delhi,33.3,48.4,11.0,0.9,Clear,2026,4,April,Monday,91.94,35.72
2026-04-20,Kolkata,West Bengal,31.1,84.1,6.9,13.2,Rain,2026,4,April,Monday,87.98,35.3
2026-04-20,Ahmedabad,Gujarat,32.3,42.1,20.0,0.4,Sunny,2026,4,April,Monday,90.14,34.4
2026-04-20,Jaipur,Rajasthan,34.7,47.6,13.7,0.2,Clear,2026,4,April,Monday,94.46,37.08
2026-04-20,Kochi,Kerala,28.4,80.7,9.0,7.9,Rain,2026,4,April,Monday,83.12,32.44
2026-04-21,Bengaluru,Karnataka,27.9,76.6,13.5,11.3,Partly Cloudy,2026,4,April,Tuesday,82.22,31.73
2026-04-21,Hyderabad,Telangana,30.8,58.3,13.4,2.9,Clear,2026,4,April,Tuesday,87.44,33.72
2026-04-21,Chennai,Tamil Nadu,29.6,71.5,15.8,2.2,Cloudy,2026,4,April,Tuesday,85.28,33.18
2026-04-21,Pune,Maharashtra,27.4,53.1,12.8,2.3,Sunny,2026,4,April,Tuesday,81.32,30.06
2026-04-21,Mumbai,Maharashtra,28.3,73.8,13.8,8.7,Humid,2026,4,April,Tuesday,82.94,31.99
2026-04-21,Delhi,Delhi,32.8,50.1,13.7,1.1,Clear,2026,4,April,Tuesday,91.04,35.3
2026-04-21,Kolkata,West Bengal,32.0,75.5,7.1,8.4,Rain,2026,4,April,Tuesday,89.6,35.78
2026-04-21,Ahmedabad,Gujarat,33.2,41.5,20.2,0.2,Sunny,2026,4,April,Tuesday,91.76,35.28
2026-04-21,Jaipur,Rajasthan,33.5,41.7,16.8,0.3,Clear,2026,4,April,Tuesday,92.3,35.58
2026-04-21,Kochi,Kerala,27.2,83.3,13.7,21.1,Rain,2026,4,April,Tuesday,80.96,31.36
2026-04-22,Bengaluru,Karnataka,27.2,66.5,11.9,8.2,Partly Cloudy,2026,4,April,Wednesday,80.96,30.52
2026-04-22,Hyderabad,Telangana,28.6,54.5,17.4,3.5,Clear,2026,4,April,Wednesday,83.48,31.33
2026-04-22,Chennai,Tamil Nadu,29.8,69.5,19.0,4.3,Cloudy,2026,4,April,Wednesday,85.64,33.28
2026-04-22,Pune,Maharashtra,25.5,61.5,11.8,1.3,Sunny,2026,4,April,Wednesday,77.9,28.58
2026-04-22,Mumbai,Maharashtra,26.7,76.5,13.7,14.3,Humid,2026,4,April,Wednesday,80.06,30.52
2026-04-22,Delhi,Delhi,30.8,49.0,14.0,0.5,Clear,2026,4,April,Wednesday,87.44,33.25
2026-04-22,Kolkata,West Bengal,29.3,75.0,7.7,10.4,Rain,2026,4,April,Wednesday,84.74,33.05
2026-04-22,Ahmedabad,Gujarat,34.6,40.4,17.2,0.4,Sunny,2026,4,April,Wednesday,94.28,36.62
2026-04-22,Jaipur,Rajasthan,33.8,39.7,13.2,0.1,Clear,2026,4,April,Wednesday,92.84,35.78
2026-04-22,Kochi,Kerala,29.5,78.6,9.7,17.5,Rain,2026,4,April,Wednesday,85.1,33.43
2026-04-23,Bengaluru,Karnataka,28.2,77.7,12.0,11.3,Partly Cloudy,2026,4,April,Thursday,82.76,32.08
2026-04-23,Hyderabad,Telangana,29.9,58.0,14.3,2.9,Clear,2026,4,April,Thursday,85.82,32.8
2026-04-23,Chennai,Tamil Nadu,32.2,64.8,16.5,10.1,Cloudy,2026,4,April,Thursday,89.96,35.44
2026-04-23,Pune,Maharashtra,25.6,62.4,9.2,0.9,Sunny,2026,4,April,Thursday,78.08,28.72
2026-04-23,Mumbai,Maharashtra,27.3,77.6,19.0,4.3,Humid,2026,4,April,Thursday,81.14,31.18
2026-04-23,Delhi,Delhi,34.0,49.5,10.4,1.4,Clear,2026,4,April,Thursday,93.2,36.48
2026-04-23,Kolkata,West Bengal,30.1,76.6,9.2,14.6,Rain,2026,4,April,Thursday,86.18,33.93
2026-04-23,Ahmedabad,Gujarat,34.6,46.0,16.3,0.4,Sunny,2026,4,April,Thursday,94.28,36.9
2026-04-23,Jaipur,Rajasthan,34.5,47.6,18.2,0.2,Clear,2026,4,April,Thursday,94.1,36.88
2026-04-23,Kochi,Kerala,29.0,88.5,9.7,10.5,Rain,2026,4,April,Thursday,84.2,33.42
2026-04-24,Bengaluru,Karnataka,26.1,69.9,11.5,3.0,Partly Cloudy,2026,4,April,Friday,78.98,29.6
2026-04-24,Hyderabad,Telangana,28.3,66.7,14.0,2.6,Clear,2026,4,April,Friday,82.94,31.64
2026-04-24,Chennai,Tamil Nadu,32.7,73.6,16.8,9.7,Cloudy,2026,4,April,Friday,90.86,36.38
2026-04-24,Pune,Maharashtra,28.3,64.9,11.6,2.0,Sunny,2026,4,April,Friday,82.94,31.54
2026-04-24,Mumbai,Maharashtra,29.4,74.5,17.0,7.1,Humid,2026,4,April,Friday,84.92,33.12
2026-04-24,Delhi,Delhi,33.8,46.9,12.6,0.8,Clear,2026,4,April,Friday,92.84,36.14
2026-04-24,Kolkata,West Bengal,32.0,78.8,11.8,14.9,Rain,2026,4,April,Friday,89.6,35.94
2026-04-24,Ahmedabad,Gujarat,34.6,39.9,21.8,0.4,Sunny,2026,4,April,Friday,94.28,36.6
2026-04-24,Jaipur,Rajasthan,34.7,44.1,12.8,0.3,Clear,2026,4,April,Friday,94.46,36.9
2026-04-24,Kochi,Kerala,27.7,83.4,10.1,18.3,Rain,2026,4,April,Friday,81.86,31.87
2026-04-25,Bengaluru,Karnataka,27.7,77.2,10.5,5.3,Partly Cloudy,2026,4,April,Saturday,81.86,31.56
2026-04-25,Hyderabad,Telangana,28.3,55.4,13.5,0.7,Clear,2026,4,April,Saturday,82.94,31.07
2026-04-25,Chennai,Tamil Nadu,32.3,66.2,15.7,2.3,Cloudy,2026,4,April,Saturday,90.14,35.61
2026-04-25,Pune,Maharashtra,28.0,53.8,10.0,1.3,Sunny,2026,4,April,Saturday,82.4,30.69
2026-04-25,Mumbai,Maharashtra,29.3,84.4,15.0,10.2,Humid,2026,4,April,Saturday,84.74,33.52
2026-04-25,Delhi,Delhi,34.0,51.6,14.8,1.4,Clear,2026,4,April,Saturday,93.2,36.58
2026-04-25,Kolkata,West Bengal,29.9,86.2,10.1,4.4,Rain,2026,4,April,Saturday,85.82,34.21
2026-04-25,Ahmedabad,Gujarat,33.4,49.6,19.3,0.3,Sunny,2026,4,April,Saturday,92.12,35.88
2026-04-25,Jaipur,Rajasthan,33.6,47.3,16.5,0.1,Clear,2026,4,April,Saturday,92.48,35.97
2026-04-25,Kochi,Kerala,26.9,82.1,13.9,16.7,Rain,2026,4,April,Saturday,80.42,31.0
2026-04-26,Bengaluru,Karnataka,25.0,77.8,9.4,7.7,Partly Cloudy,2026,4,April,Sunday,77.0,28.89
2026-04-26,Hyderabad,Telangana,29.0,64.0,14.1,0.9,Clear,2026,4,April,Sunday,84.2,32.2
2026-04-26,Chennai,Tamil Nadu,31.2,74.5,20.0,4.8,Cloudy,2026,4,April,Sunday,88.16,34.92
2026-04-26,Pune,Maharashtra,25.8,61.4,12.0,0.9,Sunny,2026,4,April,Sunday,78.44,28.87
2026-04-26,Mumbai,Maharashtra,29.6,84.9,15.7,7.1,Humid,2026,4,April,Sunday,85.28,33.84
2026-04-26,Delhi,Delhi,33.2,58.0,10.6,0.8,Clear,2026,4,April,Sunday,91.76,36.1
2026-04-26,Kolkata,West Bengal,29.9,84.3,7.8,10.6,Rain,2026,4,April,Sunday,85.82,34.11
2026-04-26,Ahmedabad,Gujarat,33.0,47.4,17.1,0.5,Sunny,2026,4,April,Sunday,91.4,35.37
2026-04-26,Jaipur,Rajasthan,35.9,42.9,17.3,0.1,Clear,2026,4,April,Sunday,96.62,38.04
2026-04-26,Kochi,Kerala,29.0,84.7,12.7,19.9,Rain,2026,4,April,Sunday,84.2,33.24
2026-04-27,Bengaluru,Karnataka,25.8,77.9,10.4,2.2,Partly Cloudy,2026,4,April,Monday,78.44,29.7
2026-04-27,Hyderabad,Telangana,29.2,66.6,16.9,3.6,Clear,2026,4,April,Monday,84.56,32.53
2026-04-27,Chennai,Tamil Nadu,31.0,76.1,18.7,3.0,Cloudy,2026,4,April,Monday,87.8,34.8
2026-04-27,Pune,Maharashtra,27.4,62.2,9.7,1.7,Sunny,2026,4,April,Monday,81.32,30.51
2026-04-27,Mumbai,Maharashtra,27.0,74.9,15.6,8.8,Humid,2026,4,April,Monday,80.6,30.74
2026-04-27,Delhi,Delhi,32.2,46.3,9.4,0.8,Clear,2026,4,April,Monday,89.96,34.52
2026-04-27,Kolkata,West Bengal,31.4,84.5,8.1,6.5,Rain,2026,4,April,Monday,88.52,35.62
2026-04-27,Ahmedabad,Gujarat,33.0,40.5,19.8,0.5,Sunny,2026,4,April,Monday,91.4,35.02
2026-04-27,Jaipur,Rajasthan,32.6,43.2,16.8,0.3,Clear,2026,4,April,Monday,90.68,34.76
2026-04-27,Kochi,Kerala,28.1,86.9,9.7,19.3,Rain,2026,4,April,Monday,82.58,32.44
2026-04-28,Bengaluru,Karnataka,28.0,65.7,14.9,6.3,Partly Cloudy,2026,4,April,Tuesday,82.4,31.28
2026-04-28,Hyderabad,Telangana,27.5,55.0,16.3,2.8,Clear,2026,4,April,Tuesday,81.5,30.25
2026-04-28,Chennai,Tamil Nadu,29.5,69.4,19.1,10.4,Cloudy,2026,4,April,Tuesday,85.1,32.97
2026-04-28,Pune,Maharashtra,26.2,61.7,8.7,0.8,Sunny,2026,4,April,Tuesday,79.16,29.28
2026-04-28,Mumbai,Maharashtra,26.6,76.7,16.8,6.2,Humid,2026,4,April,Tuesday,79.88,30.44
2026-04-28,Delhi,Delhi,30.9,48.1,9.9,0.6,Clear,2026,4,April,Tuesday,87.62,33.3
2026-04-28,Kolkata,West Bengal,29.7,81.1,7.8,9.7,Rain,2026,4,April,Tuesday,85.46,33.75
2026-04-28,Ahmedabad,Gujarat,32.6,51.6,19.1,0.5,Sunny,2026,4,April,Tuesday,90.68,35.18
2026-04-28,Jaipur,Rajasthan,33.6,37.8,16.1,0.1,Clear,2026,4,April,Tuesday,92.48,35.49
2026-04-28,Kochi,Kerala,25.9,78.0,12.3,21.7,Rain,2026,4,April,Tuesday,78.62,29.8
2026-04-29,Bengaluru,Karnataka,25.9,70.0,11.8,5.4,Partly Cloudy,2026,4,April,Wednesday,78.62,29.4
2026-04-29,Hyderabad,Telangana,29.8,59.5,12.4,3.4,Clear,2026,4,April,Wednesday,85.64,32.78
2026-04-29,Chennai,Tamil Nadu,31.2,63.1,20.4,8.1,Cloudy,2026,4,April,Wednesday,88.16,34.35
2026-04-29,Pune,Maharashtra,26.2,59.8,12.7,1.3,Sunny,2026,4,April,Wednesday,79.16,29.19
2026-04-29,Mumbai,Maharashtra,27.6,75.2,16.4,10.6,Humid,2026,4,April,Wednesday,81.68,31.36
2026-04-29,Delhi,Delhi,33.1,58.3,10.3,0.8,Clear,2026,4,April,Wednesday,91.58,36.02
2026-04-29,Kolkata,West Bengal,31.8,85.1,10.2,12.5,Rain,2026,4,April,Wednesday,89.24,36.06
2026-04-29,Ahmedabad,Gujarat,32.1,51.2,19.5,0.3,Sunny,2026,4,April,Wednesday,89.78,34.66
2026-04-29,Jaipur,Rajasthan,32.4,36.6,17.9,0.3,Clear,2026,4,April,Wednesday,90.32,34.23
2026-04-29,Kochi,Kerala,25.3,81.5,11.0,12.9,Rain,2026,4,April,Wednesday,77.54,29.38
2026-04-30,Bengaluru,Karnataka,25.7,77.5,11.3,7.1,Partly Cloudy,2026,4,April,Thursday,78.26,29.58
2026-04-30,Hyderabad,Telangana,30.7,62.9,14.4,1.7,Clear,2026,4,April,Thursday,87.26,33.84
2026-04-30,Chennai,Tamil Nadu,30.4,71.5,20.0,4.0,Cloudy,2026,4,April,Thursday,86.72,33.98
2026-04-30,Pune,Maharashtra,26.2,56.4,9.4,2.3,Sunny,2026,4,April,Thursday,79.16,29.02
2026-04-30,Mumbai,Maharashtra,28.0,74.9,15.1,12.6,Humid,2026,4,April,Thursday,82.4,31.74
2026-04-30,Delhi,Delhi,30.8,54.7,9.5,0.6,Clear,2026,4,April,Thursday,87.44,33.54
2026-04-30,Kolkata,West Bengal,28.6,85.3,7.6,6.1,Rain,2026,4,April,Thursday,83.48,32.86
2026-04-30,Ahmedabad,Gujarat,31.0,41.7,20.6,0.4,Sunny,2026,4,April,Thursday,87.8,33.08
2026-04-30,Jaipur,Rajasthan,35.3,48.3,15.8,0.3,Clear,2026,4,April,Thursday,95.54,37.71
2026-04-30,Kochi,Kerala,25.5,90.0,10.7,7.3,Rain,2026,4,April,Thursday,77.9,30.0
2026-05-01,Bengaluru,Karnataka,27.2,77.0,11.5,2.9,Partly Cloudy,2026,5,May,Friday,80.96,31.05
2026-05-01,Hyderabad,Telangana,30.5,64.5,15.1,3.7,Clear,2026,5,May,Friday,86.9,33.72
2026-05-01,Chennai,Tamil Nadu,28.9,63.8,16.0,1.9,Cloudy,2026,5,May,Friday,84.02,32.09
2026-05-01,Pune,Maharashtra,27.5,59.8,7.9,0.8,Sunny,2026,5,May,Friday,81.5,30.49
2026-05-01,Mumbai,Maharashtra,26.5,79.5,17.1,14.4,Humid,2026,5,May,Friday,79.7,30.48
2026-05-01,Delhi,Delhi,31.5,58.7,12.0,0.9,Clear,2026,5,May,Friday,88.7,34.44
2026-05-01,Kolkata,West Bengal,29.3,77.3,12.5,17.0,Rain,2026,5,May,Friday,84.74,33.16
2026-05-01,Ahmedabad,Gujarat,33.5,40.5,17.3,0.2,Sunny,2026,5,May,Friday,92.3,35.52
2026-05-01,Jaipur,Rajasthan,33.0,45.3,12.9,0.2,Clear,2026,5,May,Friday,91.4,35.26
2026-05-01,Kochi,Kerala,27.8,77.5,10.7,18.4,Rain,2026,5,May,Friday,82.04,31.68
2026-05-02,Bengaluru,Karnataka,26.4,71.3,14.5,7.8,Partly Cloudy,2026,5,May,Saturday,79.52,29.96
2026-05-02,Hyderabad,Telangana,28.3,59.5,17.2,3.3,Clear,2026,5,May,Saturday,82.94,31.28
2026-05-02,Chennai,Tamil Nadu,32.4,70.9,16.2,3.3,Cloudy,2026,5,May,Saturday,90.32,35.94
2026-05-02,Pune,Maharashtra,26.2,60.7,7.2,2.1,Sunny,2026,5,May,Saturday,79.16,29.24
2026-05-02,Mumbai,Maharashtra,28.9,78.2,13.1,12.3,Humid,2026,5,May,Saturday,84.02,32.81
2026-05-02,Delhi,Delhi,31.7,54.4,12.8,1.4,Clear,2026,5,May,Saturday,89.06,34.42
2026-05-02,Kolkata,West Bengal,29.9,87.4,12.4,16.1,Rain,2026,5,May,Saturday,85.82,34.27
2026-05-02,Ahmedabad,Gujarat,33.1,42.4,18.5,0.2,Sunny,2026,5,May,Saturday,91.58,35.22
2026-05-02,Jaipur,Rajasthan,35.1,46.1,17.2,0.3,Clear,2026,5,May,Saturday,95.18,37.4
2026-05-02,Kochi,Kerala,29.0,86.6,10.0,17.8,Rain,2026,5,May,Saturday,84.2,33.33
2026-05-03,Bengaluru,Karnataka,25.1,73.6,10.2,10.3,Partly Cloudy,2026,5,May,Sunday,77.18,28.78
2026-05-03,Hyderabad,Telangana,28.8,57.9,17.0,0.9,Clear,2026,5,May,Sunday,83.84,31.7
2026-05-03,Chennai,Tamil Nadu,32.4,73.6,16.2,8.4,Cloudy,2026,5,May,Sunday,90.32,36.08
2026-05-03,Pune,Maharashtra,26.9,63.7,10.7,1.3,Sunny,2026,5,May,Sunday,80.42,30.08
2026-05-03,Mumbai,Maharashtra,29.4,72.2,17.8,3.7,Humid,2026,5,May,Sunday,84.92,33.01
2026-05-03,Delhi,Delhi,31.1,46.6,14.6,1.0,Clear,2026,5,May,Sunday,87.98,33.43
2026-05-03,Kolkata,West Bengal,31.1,77.6,11.1,12.1,Rain,2026,5,May,Sunday,87.98,34.98
2026-05-03,Ahmedabad,Gujarat,31.0,44.9,20.5,0.2,Sunny,2026,5,May,Sunday,87.8,33.24
2026-05-03,Jaipur,Rajasthan,34.1,38.9,14.7,0.3,Clear,2026,5,May,Sunday,93.38,36.04
2026-05-03,Kochi,Kerala,28.8,91.0,10.7,14.4,Rain,2026,5,May,Sunday,83.84,33.35
2026-05-04,Bengaluru,Karnataka,27.3,75.6,11.9,10.4,Partly Cloudy,2026,5,May,Monday,81.14,31.08
2026-05-04,Hyderabad,Telangana,28.4,67.3,14.3,1.0,Clear,2026,5,May,Monday,83.12,31.76
2026-05-04,Chennai,Tamil Nadu,31.6,65.0,19.4,2.2,Cloudy,2026,5,May,Monday,88.88,34.85
2026-05-04,Pune,Maharashtra,28.5,58.6,11.6,0.7,Sunny,2026,5,May,Monday,83.3,31.43
2026-05-04,Mumbai,Maharashtra,28.2,76.3,14.6,12.5,Humid,2026,5,May,Monday,82.76,32.02
2026-05-04,Delhi,Delhi,30.1,51.7,9.9,1.6,Clear,2026,5,May,Monday,86.18,32.68
2026-05-04,Kolkata,West Bengal,31.7,74.5,9.5,9.5,Rain,2026,5,May,Monday,89.06,35.42
2026-05-04,Ahmedabad,Gujarat,33.4,48.2,18.3,0.5,Sunny,2026,5,May,Monday,92.12,35.81
2026-05-04,Jaipur,Rajasthan,32.2,36.9,17.4,0.1,Clear,2026,5,May,Monday,89.96,34.04
2026-05-04,Kochi,Kerala,25.7,84.0,10.1,6.8,Rain,2026,5,May,Monday,78.26,29.9
2026-05-05,Bengaluru,Karnataka,27.7,71.6,13.9,4.4,Partly Cloudy,2026,5,May,Tuesday,81.86,31.28
2026-05-05,Hyderabad,Telangana,30.5,57.1,16.9,2.6,Clear,2026,5,May,Tuesday,86.9,33.36
2026-05-05,Chennai,Tamil Nadu,32.5,73.8,19.1,6.4,Cloudy,2026,5,May,Tuesday,90.5,36.19
2026-05-05,Pune,Maharashtra,27.9,57.2,7.8,2.3,Sunny,2026,5,May,Tuesday,82.22,30.76
2026-05-05,Mumbai,Maharashtra,28.8,80.5,17.6,5.3,Humid,2026,5,May,Tuesday,83.84,32.83
2026-05-05,Delhi,Delhi,31.8,56.5,15.2,1.7,Clear,2026,5,May,Tuesday,89.24,34.62
2026-05-05,Kolkata,West Bengal,28.7,83.6,10.0,8.6,Rain,2026,5,May,Tuesday,83.66,32.88
2026-05-05,Ahmedabad,Gujarat,31.2,39.9,19.0,0.3,Sunny,2026,5,May,Tuesday,88.16,33.2
2026-05-05,Jaipur,Rajasthan,32.5,40.1,15.8,0.3,Clear,2026,5,May,Tuesday,90.5,34.51
2026-05-05,Kochi,Kerala,27.3,79.3,13.4,10.6,Rain,2026,5,May,Tuesday,81.14,31.26
2026-05-06,Bengaluru,Karnataka,27.8,78.7,10.0,7.6,Partly Cloudy,2026,5,May,Wednesday,82.04,31.74
2026-05-06,Hyderabad,Telangana,30.6,59.4,14.8,1.6,Clear,2026,5,May,Wednesday,87.08,33.57
2026-05-06,Chennai,Tamil Nadu,28.7,65.9,16.0,4.2,Cloudy,2026,5,May,Wednesday,83.66,32.0
2026-05-06,Pune,Maharashtra,27.0,58.9,12.9,1.9,Sunny,2026,5,May,Wednesday,80.6,29.94
2026-05-06,Mumbai,Maharashtra,27.0,84.3,16.9,9.1,Humid,2026,5,May,Wednesday,80.6,31.22
2026-05-06,Delhi,Delhi,33.3,54.4,11.6,1.2,Clear,2026,5,May,Wednesday,91.94,36.02
2026-05-06,Kolkata,West Bengal,29.3,87.6,8.2,16.7,Rain,2026,5,May,Wednesday,84.74,33.68
2026-05-06,Ahmedabad,Gujarat,30.7,38.1,19.5,0.2,Sunny,2026,5,May,Wednesday,87.26,32.6
2026-05-06,Jaipur,Rajasthan,33.4,36.7,17.5,0.3,Clear,2026,5,May,Wednesday,92.12,35.24
2026-05-06,Kochi,Kerala,27.6,90.0,14.1,16.3,Rain,2026,5,May,Wednesday,81.68,32.1
2026-05-07,Bengaluru,Karnataka,26.8,65.0,9.5,6.1,Partly Cloudy,2026,5,May,Thursday,80.24,30.05
2026-05-07,Hyderabad,Telangana,30.6,58.4,14.9,0.7,Clear,2026,5,May,Thursday,87.08,33.52
2026-05-07,Chennai,Tamil Nadu,30.2,75.6,18.8,8.9,Cloudy,2026,5,May,Thursday,86.36,33.98
2026-05-07,Pune,Maharashtra,24.5,53.8,8.3,2.2,Sunny,2026,5,May,Thursday,76.1,27.19
2026-05-07,Mumbai,Maharashtra,25.9,84.0,14.7,13.3,Humid,2026,5,May,Thursday,78.62,30.1
2026-05-07,Delhi,Delhi,31.9,49.5,15.2,0.9,Clear,2026,5,May,Thursday,89.42,34.38
2026-05-07,Kolkata,West Bengal,30.8,74.9,11.7,16.8,Rain,2026,5,May,Thursday,87.44,34.54
2026-05-07,Ahmedabad,Gujarat,30.9,48.4,17.8,0.2,Sunny,2026,5,May,Thursday,87.62,33.32
2026-05-07,Jaipur,Rajasthan,32.8,44.3,18.2,0.4,Clear,2026,5,May,Thursday,91.04,35.02
2026-05-07,Kochi,Kerala,28.8,85.7,12.0,6.7,Rain,2026,5,May,Thursday,83.84,33.08
2026-05-08,Bengaluru,Karnataka,26.8,72.7,11.4,10.7,Partly Cloudy,2026,5,May,Friday,80.24,30.44
2026-05-08,Hyderabad,Telangana,27.7,56.0,12.4,1.1,Clear,2026,5,May,Friday,81.86,30.5
2026-05-08,Chennai,Tamil Nadu,30.9,74.2,16.3,6.1,Cloudy,2026,5,May,Friday,87.62,34.61
2026-05-08,Pune,Maharashtra,26.7,58.8,9.7,1.6,Sunny,2026,5,May,Friday,80.06,29.64
2026-05-08,Mumbai,Maharashtra,25.6,71.8,15.6,5.4,Humid,2026,5,May,Friday,78.08,29.19
2026-05-08,Delhi,Delhi,32.8,48.4,14.3,0.7,Clear,2026,5,May,Friday,91.04,35.22
2026-05-08,Kolkata,West Bengal,28.4,80.7,9.0,7.6,Rain,2026,5,May,Friday,83.12,32.44
2026-05-08,Ahmedabad,Gujarat,33.5,41.1,20.2,0.5,Sunny,2026,5,May,Friday,92.3,35.56
2026-05-08,Jaipur,Rajasthan,33.1,42.0,18.0,0.2,Clear,2026,5,May,Friday,91.58,35.2
2026-05-08,Kochi,Kerala,25.5,78.0,8.6,9.9,Rain,2026,5,May,Friday,77.9,29.4
2026-05-09,Bengaluru,Karnataka,24.2,74.1,11.7,5.0,Partly Cloudy,2026,5,May,Saturday,75.56,27.9
2026-05-09,Hyderabad,Telangana,28.7,67.1,13.0,1.1,Clear,2026,5,May,Saturday,83.66,32.06
2026-05-09,Chennai,Tamil Nadu,29.7,67.5,20.8,7.9,Cloudy,2026,5,May,Saturday,85.46,33.08
2026-05-09,Pune,Maharashtra,26.1,53.3,7.5,0.7,Sunny,2026,5,May,Saturday,78.98,28.76
2026-05-09,Mumbai,Maharashtra,28.9,80.1,14.0,10.1,Humid,2026,5,May,Saturday,84.02,32.9
2026-05-09,Delhi,Delhi,30.0,52.1,11.4,0.5,Clear,2026,5,May,Saturday,86.0,32.61
2026-05-09,Kolkata,West Bengal,31.0,84.0,9.8,5.2,Rain,2026,5,May,Saturday,87.8,35.2
2026-05-09,Ahmedabad,Gujarat,33.1,44.1,20.2,0.1,Sunny,2026,5,May,Saturday,91.58,35.3
2026-05-09,Jaipur,Rajasthan,34.9,35.0,13.8,0.2,Clear,2026,5,May,Saturday,94.82,36.65
2026-05-09,Kochi,Kerala,25.6,78.2,12.2,22.2,Rain,2026,5,May,Saturday,78.08,29.51
2026-05-10,Bengaluru,Karnataka,25.2,68.7,13.2,4.1,Partly Cloudy,2026,5,May,Sunday,77.36,28.64
2026-05-10,Hyderabad,Telangana,28.3,63.6,14.1,1.1,Clear,2026,5,May,Sunday,82.94,31.48
2026-05-10,Chennai,Tamil Nadu,28.7,70.6,21.2,9.7,Cloudy,2026,5,May,Sunday,83.66,32.23
2026-05-10,Pune,Maharashtra,24.8,58.0,10.1,0.8,Sunny,2026,5,May,Sunday,76.64,27.7
2026-05-10,Mumbai,Maharashtra,28.1,77.9,18.0,6.1,Humid,2026,5,May,Sunday,82.58,32.0
2026-05-10,Delhi,Delhi,33.5,56.4,12.2,0.5,Clear,2026,5,May,Sunday,92.3,36.32
2026-05-10,Kolkata,West Bengal,29.9,75.8,10.8,12.8,Rain,2026,5,May,Sunday,85.82,33.69
2026-05-10,Ahmedabad,Gujarat,32.7,51.7,16.5,0.4,Sunny,2026,5,May,Sunday,90.86,35.29
2026-05-10,Jaipur,Rajasthan,34.5,36.6,14.4,0.1,Clear,2026,5,May,Sunday,94.1,36.33
2026-05-10,Kochi,Kerala,27.1,87.1,10.2,16.7,Rain,2026,5,May,Sunday,80.78,31.46
2026-05-11,Bengaluru,Karnataka,25.3,75.0,10.9,11.5,Partly Cloudy,2026,5,May,Monday,77.54,29.05
2026-05-11,Hyderabad,Telangana,28.4,54.1,12.0,2.9,Clear,2026,5,May,Monday,83.12,31.1
2026-05-11,Chennai,Tamil Nadu,31.9,71.9,16.2,9.3,Cloudy,2026,5,May,Monday,89.42,35.49
2026-05-11,Pune,Maharashtra,27.2,52.6,9.5,1.8,Sunny,2026,5,May,Monday,80.96,29.83
2026-05-11,Mumbai,Maharashtra,25.5,71.6,15.2,13.2,Humid,2026,5,May,Monday,77.9,29.08
2026-05-11,Delhi,Delhi,33.7,49.5,14.9,1.5,Clear,2026,5,May,Monday,92.66,36.18
2026-05-11,Kolkata,West Bengal,31.4,82.2,12.5,12.0,Rain,2026,5,May,Monday,88.52,35.51
2026-05-11,Ahmedabad,Gujarat,34.1,45.9,17.4,0.3,Sunny,2026,5,May,Monday,93.38,36.4
2026-05-11,Jaipur,Rajasthan,33.2,39.7,14.7,0.2,Clear,2026,5,May,Monday,91.76,35.18
2026-05-11,Kochi,Kerala,27.1,80.1,9.8,13.1,Rain,2026,5,May,Monday,80.78,31.1
2026-05-12,Bengaluru,Karnataka,25.8,70.9,13.2,3.8,Partly Cloudy,2026,5,May,Tuesday,78.44,29.35
2026-05-12,Hyderabad,Telangana,28.8,57.9,16.1,2.8,Clear,2026,5,May,Tuesday,83.84,31.7
2026-05-12,Chennai,Tamil Nadu,31.6,70.2,16.8,9.8,Cloudy,2026,5,May,Tuesday,88.88,35.11
2026-05-12,Pune,Maharashtra,26.4,56.3,8.9,1.3,Sunny,2026,5,May,Tuesday,79.52,29.22
2026-05-12,Mumbai,Maharashtra,28.3,82.5,16.0,11.5,Humid,2026,5,May,Tuesday,82.94,32.42
2026-05-12,Delhi,Delhi,30.6,51.3,11.5,0.8,Clear,2026,5,May,Tuesday,87.08,33.16
2026-05-12,Kolkata,West Bengal,29.4,84.6,11.1,5.8,Rain,2026,5,May,Tuesday,84.92,33.63
2026-05-12,Ahmedabad,Gujarat,31.3,49.0,20.1,0.4,Sunny,2026,5,May,Tuesday,88.34,33.75
2026-05-12,Jaipur,Rajasthan,33.8,44.7,14.1,0.1,Clear,2026,5,May,Tuesday,92.84,36.03
2026-05-12,Kochi,Kerala,26.2,77.5,13.9,13.5,Rain,2026,5,May,Tuesday,79.16,30.08
2026-05-13,Bengaluru,Karnataka,26.5,78.5,14.0,4.2,Partly Cloudy,2026,5,May,Wednesday,79.7,30.42
2026-05-13,Hyderabad,Telangana,28.0,55.5,16.3,3.0,Clear,2026,5,May,Wednesday,82.4,30.78
2026-05-13,Chennai,Tamil Nadu,30.4,68.2,16.9,6.0,Cloudy,2026,5,May,Wednesday,86.72,33.81
2026-05-13,Pune,Maharashtra,27.2,63.5,12.3,2.2,Sunny,2026,5,May,Wednesday,80.96,30.38
2026-05-13,Mumbai,Maharashtra,27.2,76.9,15.0,14.4,Humid,2026,5,May,Wednesday,80.96,31.04
2026-05-13,Delhi,Delhi,30.4,47.2,11.1,1.7,Clear,2026,5,May,Wednesday,86.72,32.76
2026-05-13,Kolkata,West Bengal,31.3,78.6,11.8,15.5,Rain,2026,5,May,Wednesday,88.34,35.23
2026-05-13,Ahmedabad,Gujarat,32.0,40.7,20.8,0.3,Sunny,2026,5,May,Wednesday,89.6,34.03
2026-05-13,Jaipur,Rajasthan,31.7,47.6,15.1,0.2,Clear,2026,5,May,Wednesday,89.06,34.08
2026-05-13,Kochi,Kerala,27.1,80.6,8.2,11.0,Rain,2026,5,May,Wednesday,80.78,31.13
2026-05-14,Bengaluru,Karnataka,25.3,65.2,11.4,9.4,Partly Cloudy,2026,5,May,Thursday,77.54,28.56
2026-05-14,Hyderabad,Telangana,27.9,63.5,15.2,1.2,Clear,2026,5,May,Thursday,82.22,31.08
2026-05-14,Chennai,Tamil Nadu,28.5,72.4,19.0,4.3,Cloudy,2026,5,May,Thursday,83.3,32.12
2026-05-14,Pune,Maharashtra,25.1,63.0,12.7,0.9,Sunny,2026,5,May,Thursday,77.18,28.25
2026-05-14,Mumbai,Maharashtra,27.8,79.0,15.0,2.9,Humid,2026,5,May,Thursday,82.04,31.75
2026-05-14,Delhi,Delhi,31.0,54.0,13.0,1.1,Clear,2026,5,May,Thursday,87.8,33.7
2026-05-14,Kolkata,West Bengal,28.4,77.0,8.6,8.8,Rain,2026,5,May,Thursday,83.12,32.25
2026-05-14,Ahmedabad,Gujarat,31.8,50.6,16.9,0.5,Sunny,2026,5,May,Thursday,89.24,34.33
2026-05-14,Jaipur,Rajasthan,32.2,47.0,14.0,0.2,Clear,2026,5,May,Thursday,89.96,34.55
2026-05-14,Kochi,Kerala,26.2,77.5,12.9,18.8,Rain,2026,5,May,Thursday,79.16,30.08
2026-05-15,Bengaluru,Karnataka,24.9,75.9,12.1,11.6,Partly Cloudy,2026,5,May,Friday,76.82,28.7
2026-05-15,Hyderabad,Telangana,26.8,59.3,12.9,2.6,Clear,2026,5,May,Friday,80.24,29.76
2026-05-15,Chennai,Tamil Nadu,31.5,74.8,18.6,5.1,Cloudy,2026,5,May,Friday,88.7,35.24
2026-05-15,Pune,Maharashtra,27.5,52.5,8.8,2.0,Sunny,2026,5,May,Friday,81.5,30.12
2026-05-15,Mumbai,Maharashtra,27.2,84.9,13.6,8.1,Humid,2026,5,May,Friday,80.96,31.44
2026-05-15,Delhi,Delhi,30.6,45.0,10.0,0.4,Clear,2026,5,May,Friday,87.08,32.85
2026-05-15,Kolkata,West Bengal,29.4,80.1,9.7,7.0,Rain,2026,5,May,Friday,84.92,33.4
2026-05-15,Ahmedabad,Gujarat,33.1,45.2,22.1,0.2,Sunny,2026,5,May,Friday,91.58,35.36
2026-05-15,Jaipur,Rajasthan,33.2,41.9,14.7,0.3,Clear,2026,5,May,Friday,91.76,35.3
2026-05-15,Kochi,Kerala,25.5,89.3,10.2,10.0,Rain,2026,5,May,Friday,77.9,29.96
2026-05-16,Bengaluru,Karnataka,26.3,72.9,10.9,2.8,Partly Cloudy,2026,5,May,Saturday,79.34,29.94
2026-05-16,Hyderabad,Telangana,30.4,59.2,12.2,2.7,Clear,2026,5,May,Saturday,86.72,33.36
2026-05-16,Chennai,Tamil Nadu,30.5,67.6,17.3,9.1,Cloudy,2026,5,May,Saturday,86.9,33.88
2026-05-16,Pune,Maharashtra,25.7,56.8,12.9,1.2,Sunny,2026,5,May,Saturday,78.26,28.54
2026-05-16,Mumbai,Maharashtra,27.0,73.3,17.1,10.6,Humid,2026,5,May,Saturday,80.6,30.66
2026-05-16,Delhi,Delhi,31.5,50.7,10.8,1.5,Clear,2026,5,May,Saturday,88.7,34.03
2026-05-16,Kolkata,West Bengal,29.7,85.6,8.9,13.3,Rain,2026,5,May,Saturday,85.46,33.98
2026-05-16,Ahmedabad,Gujarat,30.4,41.1,22.0,0.4,Sunny,2026,5,May,Saturday,86.72,32.46
2026-05-16,Jaipur,Rajasthan,33.9,42.0,15.3,0.1,Clear,2026,5,May,Saturday,93.02,36.0
2026-05-16,Kochi,Kerala,25.4,86.0,12.3,8.5,Rain,2026,5,May,Saturday,77.72,29.7
2026-05-17,Bengaluru,Karnataka,26.4,66.9,12.9,3.6,Partly Cloudy,2026,5,May,Sunday,79.52,29.74
2026-05-17,Hyderabad,Telangana,28.6,58.4,14.8,1.1,Clear,2026,5,May,Sunday,83.48,31.52
2026-05-17,Chennai,Tamil Nadu,30.3,71.6,16.1,4.4,Cloudy,2026,5,May,Sunday,86.54,33.88
2026-05-17,Pune,Maharashtra,27.0,58.6,10.9,2.1,Sunny,2026,5,May,Sunday,80.6,29.93
2026-05-17,Mumbai,Maharashtra,27.7,74.1,15.8,12.7,Humid,2026,5,May,Sunday,81.86,31.4
2026-05-17,Delhi,Delhi,32.0,55.5,11.6,1.0,Clear,2026,5,May,Sunday,89.6,34.78
2026-05-17,Kolkata,West Bengal,31.8,85.5,10.6,4.4,Rain,2026,5,May,Sunday,89.24,36.08
2026-05-17,Ahmedabad,Gujarat,32.7,38.5,21.8,0.5,Sunny,2026,5,May,Sunday,90.86,34.62
2026-05-17,Jaipur,Rajasthan,34.1,38.7,17.6,0.1,Clear,2026,5,May,Sunday,93.38,36.04
2026-05-17,Kochi,Kerala,28.0,84.3,8.2,20.3,Rain,2026,5,May,Sunday,82.4,32.22
2026-05-18,Bengaluru,Karnataka,25.6,76.6,13.3,7.1,Partly Cloudy,2026,5,May,Monday,78.08,29.43
2026-05-18,Hyderabad,Telangana,30.1,56.8,16.9,1.7,Clear,2026,5,May,Monday,86.18,32.94
2026-05-18,Chennai,Tamil Nadu,28.5,67.7,15.7,2.4,Cloudy,2026,5,May,Monday,83.3,31.88
2026-05-18,Pune,Maharashtra,26.8,52.7,8.2,1.0,Sunny,2026,5,May,Monday,80.24,29.44
2026-05-18,Mumbai,Maharashtra,26.5,83.9,18.5,13.2,Humid,2026,5,May,Monday,79.7,30.7
2026-05-18,Delhi,Delhi,33.7,51.2,14.2,0.7,Clear,2026,5,May,Monday,92.66,36.26
2026-05-18,Kolkata,West Bengal,31.6,85.3,11.1,6.1,Rain,2026,5,May,Monday,88.88,35.86
2026-05-18,Ahmedabad,Gujarat,30.7,51.0,19.5,0.4,Sunny,2026,5,May,Monday,87.26,33.25
2026-05-18,Jaipur,Rajasthan,34.7,37.0,16.7,0.2,Clear,2026,5,May,Monday,94.46,36.55
2026-05-18,Kochi,Kerala,27.9,83.4,9.3,21.5,Rain,2026,5,May,Monday,82.22,32.07
2026-05-19,Bengaluru,Karnataka,24.9,75.4,14.2,4.4,Partly Cloudy,2026,5,May,Tuesday,76.82,28.67
2026-05-19,Hyderabad,Telangana,29.4,59.5,12.8,1.3,Clear,2026,5,May,Tuesday,84.92,32.38
2026-05-19,Chennai,Tamil Nadu,32.2,68.2,18.4,6.1,Cloudy,2026,5,May,Tuesday,89.96,35.61
2026-05-19,Pune,Maharashtra,24.4,61.5,11.7,2.3,Sunny,2026,5,May,Tuesday,75.92,27.48
2026-05-19,Mumbai,Maharashtra,26.8,73.9,15.2,11.5,Humid,2026,5,May,Tuesday,80.24,30.5
2026-05-19,Delhi,Delhi,32.3,50.7,12.5,0.5,Clear,2026,5,May,Tuesday,90.14,34.83
2026-05-19,Kolkata,West Bengal,31.6,80.6,9.7,14.1,Rain,2026,5,May,Tuesday,88.88,35.63
2026-05-19,Ahmedabad,Gujarat,31.1,48.1,18.3,0.5,Sunny,2026,5,May,Tuesday,87.98,33.51
2026-05-19,Jaipur,Rajasthan,31.6,38.9,16.3,0.2,Clear,2026,5,May,Tuesday,88.88,33.54
2026-05-19,Kochi,Kerala,26.2,85.1,9.4,11.9,Rain,2026,5,May,Tuesday,79.16,30.46
2026-05-20,Bengaluru,Karnataka,23.8,76.2,10.7,10.0,Partly Cloudy,2026,5,May,Wednesday,74.84,27.61
2026-05-20,Hyderabad,Telangana,28.8,62.4,15.3,1.0,Clear,2026,5,May,Wednesday,83.84,31.92
2026-05-20,Chennai,Tamil Nadu,31.5,67.1,20.5,8.6,Cloudy,2026,5,May,Wednesday,88.7,34.85
2026-05-20,Pune,Maharashtra,27.0,62.4,9.8,1.8,Sunny,2026,5,May,Wednesday,80.6,30.12
2026-05-20,Mumbai,Maharashtra,29.2,73.6,13.7,7.5,Humid,2026,5,May,Wednesday,84.56,32.88
2026-05-20,Delhi,Delhi,31.8,47.1,10.7,1.6,Clear,2026,5,May,Wednesday,89.24,34.16
2026-05-20,Kolkata,West Bengal,29.5,76.1,7.8,11.1,Rain,2026,5,May,Wednesday,85.1,33.3
2026-05-20,Ahmedabad,Gujarat,31.1,44.7,19.4,0.3,Sunny,2026,5,May,Wednesday,87.98,33.34
2026-05-20,Jaipur,Rajasthan,33.2,46.7,12.6,0.3,Clear,2026,5,May,Wednesday,91.76,35.54
2026-05-20,Kochi,Kerala,25.5,77.5,12.7,14.3,Rain,2026,5,May,Wednesday,77.9,29.38
2026-05-21,Bengaluru,Karnataka,26.0,68.0,13.9,4.9,Partly Cloudy,2026,5,May,Thursday,78.8,29.4
2026-05-21,Hyderabad,Telangana,29.5,57.2,14.9,2.7,Clear,2026,5,May,Thursday,85.1,32.36
2026-05-21,Chennai,Tamil Nadu,29.9,69.7,15.7,7.3,Cloudy,2026,5,May,Thursday,85.82,33.38
2026-05-21,Pune,Maharashtra,27.1,53.1,10.5,2.0,Sunny,2026,5,May,Thursday,80.78,29.76
2026-05-21,Mumbai,Maharashtra,25.8,82.7,18.3,3.1,Humid,2026,5,May,Thursday,78.44,29.94
2026-05-21,Delhi,Delhi,30.7,46.2,10.9,0.4,Clear,2026,5,May,Thursday,87.26,33.01
2026-05-21,Kolkata,West Bengal,29.9,77.5,8.5,9.4,Rain,2026,5,May,Thursday,85.82,33.78
2026-05-21,Ahmedabad,Gujarat,31.8,49.0,20.5,0.1,Sunny,2026,5,May,Thursday,89.24,34.25
2026-05-21,Jaipur,Rajasthan,32.1,35.1,14.5,0.1,Clear,2026,5,May,Thursday,89.78,33.86
2026-05-21,Kochi,Kerala,27.5,87.9,14.1,7.6,Rain,2026,5,May,Thursday,81.5,31.9
2026-05-22,Bengaluru,Karnataka,24.0,75.6,11.7,11.0,Partly Cloudy,2026,5,May,Friday,75.2,27.78
2026-05-22,Hyderabad,Telangana,28.2,58.4,11.9,3.6,Clear,2026,5,May,Friday,82.76,31.12
2026-05-22,Chennai,Tamil Nadu,30.5,69.2,17.9,8.4,Cloudy,2026,5,May,Friday,86.9,33.96
2026-05-22,Pune,Maharashtra,27.7,57.7,8.3,1.3,Sunny,2026,5,May,Friday,81.86,30.58
2026-05-22,Mumbai,Maharashtra,29.0,76.7,17.1,9.3,Humid,2026,5,May,Friday,84.2,32.84
2026-05-22,Delhi,Delhi,31.6,53.0,10.9,1.1,Clear,2026,5,May,Friday,88.88,34.25
2026-05-22,Kolkata,West Bengal,31.4,75.1,8.9,15.4,Rain,2026,5,May,Friday,88.52,35.16
2026-05-22,Ahmedabad,Gujarat,34.3,38.2,20.0,0.4,Sunny,2026,5,May,Friday,93.74,36.21
2026-05-22,Jaipur,Rajasthan,34.6,41.6,13.3,0.2,Clear,2026,5,May,Friday,94.28,36.68
2026-05-22,Kochi,Kerala,27.6,87.2,9.3,15.7,Rain,2026,5,May,Friday,81.68,31.96
2026-05-23,Bengaluru,Karnataka,26.5,74.2,9.3,6.3,Partly Cloudy,2026,5,May,Saturday,79.7,30.21
2026-05-23,Hyderabad,Telangana,28.0,62.4,13.5,1.0,Clear,2026,5,May,Saturday,82.4,31.12
2026-05-23,Chennai,Tamil Nadu,31.2,67.0,20.0,4.4,Cloudy,2026,5,May,Saturday,88.16,34.55
2026-05-23,Pune,Maharashtra,26.6,62.3,7.9,2.0,Sunny,2026,5,May,Saturday,79.88,29.72
2026-05-23,Mumbai,Maharashtra,25.8,84.1,13.3,11.4,Humid,2026,5,May,Saturday,78.44,30.01
2026-05-23,Delhi,Delhi,31.3,47.5,11.8,1.1,Clear,2026,5,May,Saturday,88.34,33.67
2026-05-23,Kolkata,West Bengal,29.6,75.7,9.8,7.1,Rain,2026,5,May,Saturday,85.28,33.39
2026-05-23,Ahmedabad,Gujarat,34.3,43.4,18.8,0.2,Sunny,2026,5,May,Saturday,93.74,36.47
2026-05-23,Jaipur,Rajasthan,35.2,39.5,16.4,0.3,Clear,2026,5,May,Saturday,95.36,37.18
2026-05-23,Kochi,Kerala,26.4,87.6,9.8,5.8,Rain,2026,5,May,Saturday,79.52,30.78
2026-05-24,Bengaluru,Karnataka,24.1,71.3,14.4,3.9,Partly Cloudy,2026,5,May,Sunday,75.38,27.67
2026-05-24,Hyderabad,Telangana,28.5,64.7,13.2,1.1,Clear,2026,5,May,Sunday,83.3,31.74
2026-05-24,Chennai,Tamil Nadu,30.6,69.0,20.9,9.5,Cloudy,2026,5,May,Sunday,87.08,34.05
2026-05-24,Pune,Maharashtra,25.4,58.9,9.7,0.5,Sunny,2026,5,May,Sunday,77.72,28.34
2026-05-24,Mumbai,Maharashtra,27.3,83.8,14.9,9.7,Humid,2026,5,May,Sunday,81.14,31.49
2026-05-24,Delhi,Delhi,32.6,45.9,14.9,0.5,Clear,2026,5,May,Sunday,90.68,34.9
2026-05-24,Kolkata,West Bengal,29.2,84.0,6.8,8.2,Rain,2026,5,May,Sunday,84.56,33.4
2026-05-24,Ahmedabad,Gujarat,30.9,44.6,16.3,0.2,Sunny,2026,5,May,Sunday,87.62,33.13
2026-05-24,Jaipur,Rajasthan,32.2,36.1,13.0,0.1,Clear,2026,5,May,Sunday,89.96,34.01
2026-05-24,Kochi,Kerala,26.9,78.9,13.0,11.5,Rain,2026,5,May,Sunday,80.42,30.84
2026-05-25,Bengaluru,Karnataka,24.9,68.4,14.2,2.4,Partly Cloudy,2026,5,May,Monday,76.82,28.32
2026-05-25,Hyderabad,Telangana,29.7,55.4,17.2,1.9,Clear,2026,5,May,Monday,85.46,32.47
2026-05-25,Chennai,Tamil Nadu,30.9,75.1,15.9,2.3,Cloudy,2026,5,May,Monday,87.62,34.66
2026-05-25,Pune,Maharashtra,27.2,59.2,11.5,1.0,Sunny,2026,5,May,Monday,80.96,30.16
2026-05-25,Mumbai,Maharashtra,27.5,73.6,15.7,5.9,Humid,2026,5,May,Monday,81.5,31.18
2026-05-25,Delhi,Delhi,32.2,49.2,11.0,1.3,Clear,2026,5,May,Monday,89.96,34.66
2026-05-25,Kolkata,West Bengal,28.4,85.2,9.7,6.1,Rain,2026,5,May,Monday,83.12,32.66
2026-05-25,Ahmedabad,Gujarat,30.9,45.1,19.2,0.4,Sunny,2026,5,May,Monday,87.62,33.16
2026-05-25,Jaipur,Rajasthan,32.8,40.8,17.9,0.1,Clear,2026,5,May,Monday,91.04,34.84
2026-05-25,Kochi,Kerala,28.8,89.5,14.0,21.3,Rain,2026,5,May,Monday,83.84,33.28
2026-05-26,Bengaluru,Karnataka,25.0,76.4,12.9,3.9,Partly Cloudy,2026,5,May,Tuesday,77.0,28.82
2026-05-26,Hyderabad,Telangana,30.8,63.1,16.4,2.4,Clear,2026,5,May,Tuesday,87.44,33.96
2026-05-26,Chennai,Tamil Nadu,28.9,75.1,16.4,4.0,Cloudy,2026,5,May,Tuesday,84.02,32.66
2026-05-26,Pune,Maharashtra,26.9,53.7,10.0,1.9,Sunny,2026,5,May,Tuesday,80.42,29.58
2026-05-26,Mumbai,Maharashtra,26.0,80.2,13.7,8.3,Humid,2026,5,May,Tuesday,78.8,30.01
2026-05-26,Delhi,Delhi,32.5,54.6,9.7,0.6,Clear,2026,5,May,Tuesday,90.5,35.23
2026-05-26,Kolkata,West Bengal,31.9,79.5,9.2,8.2,Rain,2026,5,May,Tuesday,89.42,35.88
2026-05-26,Ahmedabad,Gujarat,33.3,48.4,20.1,0.3,Sunny,2026,5,May,Tuesday,91.94,35.72
2026-05-26,Jaipur,Rajasthan,33.6,42.2,13.6,0.3,Clear,2026,5,May,Tuesday,92.48,35.71
2026-05-26,Kochi,Kerala,28.7,87.9,14.1,12.4,Rain,2026,5,May,Tuesday,83.66,33.1
2026-05-27,Bengaluru,Karnataka,27.4,68.4,13.7,8.9,Partly Cloudy,2026,5,May,Wednesday,81.32,30.82
2026-05-27,Hyderabad,Telangana,30.6,65.7,16.8,1.5,Clear,2026,5,May,Wednesday,87.08,33.89
2026-05-27,Chennai,Tamil Nadu,31.8,69.7,17.2,4.9,Cloudy,2026,5,May,Wednesday,89.24,35.29
2026-05-27,Pune,Maharashtra,27.7,62.8,12.3,1.8,Sunny,2026,5,May,Wednesday,81.86,30.84
2026-05-27,Mumbai,Maharashtra,26.3,73.2,16.5,5.1,Humid,2026,5,May,Wednesday,79.34,29.96
2026-05-27,Delhi,Delhi,31.2,46.4,10.3,1.4,Clear,2026,5,May,Wednesday,88.16,33.52
2026-05-27,Kolkata,West Bengal,29.0,85.9,8.7,14.9,Rain,2026,5,May,Wednesday,84.2,33.3
2026-05-27,Ahmedabad,Gujarat,31.7,41.7,18.6,0.1,Sunny,2026,5,May,Wednesday,89.06,33.78
2026-05-27,Jaipur,Rajasthan,33.1,40.3,12.6,0.3,Clear,2026,5,May,Wednesday,91.58,35.12
2026-05-27,Kochi,Kerala,26.4,77.0,13.9,8.0,Rain,2026,5,May,Wednesday,79.52,30.25
2026-05-28,Bengaluru,Karnataka,25.1,65.3,9.8,8.9,Partly Cloudy,2026,5,May,Thursday,77.18,28.36
2026-05-28,Hyderabad,Telangana,29.2,61.1,13.0,1.5,Clear,2026,5,May,Thursday,84.56,32.26
2026-05-28,Chennai,Tamil Nadu,32.5,68.2,21.2,9.5,Cloudy,2026,5,May,Thursday,90.5,35.91
2026-05-28,Pune,Maharashtra,25.0,62.9,7.3,1.9,Sunny,2026,5,May,Thursday,77.0,28.14
2026-05-28,Mumbai,Maharashtra,28.9,80.7,16.4,12.5,Humid,2026,5,May,Thursday,84.02,32.94
2026-05-28,Delhi,Delhi,30.6,52.6,11.0,0.9,Clear,2026,5,May,Thursday,87.08,33.23
2026-05-28,Kolkata,West Bengal,28.9,83.9,10.1,14.0,Rain,2026,5,May,Thursday,84.02,33.1
2026-05-28,Ahmedabad,Gujarat,33.1,46.4,21.7,0.5,Sunny,2026,5,May,Thursday,91.58,35.42
2026-05-28,Jaipur,Rajasthan,33.7,39.6,18.1,0.2,Clear,2026,5,May,Thursday,92.66,35.68
2026-05-28,Kochi,Kerala,25.3,81.7,12.3,21.0,Rain,2026,5,May,Thursday,77.54,29.38
2026-05-29,Bengaluru,Karnataka,26.7,74.3,14.8,9.5,Partly Cloudy,2026,5,May,Friday,80.06,30.42
2026-05-29,Hyderabad,Telangana,28.7,60.5,16.1,1.6,Clear,2026,5,May,Friday,83.66,31.72
2026-05-29,Chennai,Tamil Nadu,29.1,71.7,20.2,3.9,Cloudy,2026,5,May,Friday,84.38,32.68
2026-05-29,Pune,Maharashtra,27.3,63.5,8.0,0.7,Sunny,2026,5,May,Friday,81.14,30.48
2026-05-29,Mumbai,Maharashtra,27.7,75.7,18.8,14.7,Humid,2026,5,May,Friday,81.86,31.48
2026-05-29,Delhi,Delhi,31.8,56.1,13.2,0.6,Clear,2026,5,May,Friday,89.24,34.61
2026-05-29,Kolkata,West Bengal,32.1,76.4,7.2,9.3,Rain,2026,5,May,Friday,89.78,35.92
2026-05-29,Ahmedabad,Gujarat,30.7,44.7,18.7,0.5,Sunny,2026,5,May,Friday,87.26,32.94
2026-05-29,Jaipur,Rajasthan,33.1,46.9,17.2,0.2,Clear,2026,5,May,Friday,91.58,35.44
2026-05-29,Kochi,Kerala,25.9,81.3,11.0,11.1,Rain,2026,5,May,Friday,78.62,29.96
2026-05-30,Bengaluru,Karnataka,26.7,72.1,11.1,7.9,Partly Cloudy,2026,5,May,Saturday,80.06,30.3
2026-05-30,Hyderabad,Telangana,30.9,56.8,13.5,0.7,Clear,2026,5,May,Saturday,87.62,33.74
2026-05-30,Chennai,Tamil Nadu,29.1,63.8,17.8,9.0,Cloudy,2026,5,May,Saturday,84.38,32.29
2026-05-30,Pune,Maharashtra,27.4,64.5,12.2,1.7,Sunny,2026,5,May,Saturday,81.32,30.62
2026-05-30,Mumbai,Maharashtra,28.0,71.2,15.4,5.7,Humid,2026,5,May,Saturday,82.4,31.56
2026-05-30,Delhi,Delhi,32.5,45.9,12.7,0.9,Clear,2026,5,May,Saturday,90.5,34.8
2026-05-30,Kolkata,West Bengal,30.2,79.7,7.3,13.3,Rain,2026,5,May,Saturday,86.36,34.18
2026-05-30,Ahmedabad,Gujarat,33.8,46.4,16.9,0.4,Sunny,2026,5,May,Saturday,92.84,36.12
2026-05-30,Jaipur,Rajasthan,35.0,48.8,17.1,0.1,Clear,2026,5,May,Saturday,95.0,37.44
2026-05-30,Kochi,Kerala,28.5,86.3,9.8,20.8,Rain,2026,5,May,Saturday,83.3,32.82
2026-05-31,Bengaluru,Karnataka,27.5,77.5,10.7,7.6,Partly Cloudy,2026,5,May,Sunday,81.5,31.38
2026-05-31,Hyderabad,Telangana,28.5,58.1,16.1,2.6,Clear,2026,5,May,Sunday,83.3,31.4
2026-05-31,Chennai,Tamil Nadu,30.1,70.6,20.9,6.7,Cloudy,2026,5,May,Sunday,86.18,33.63
2026-05-31,Pune,Maharashtra,28.3,58.9,13.2,0.5,Sunny,2026,5,May,Sunday,82.94,31.24
2026-05-31,Mumbai,Maharashtra,27.6,78.7,17.5,14.4,Humid,2026,5,May,Sunday,81.68,31.54
2026-05-31,Delhi,Delhi,32.6,51.7,13.2,1.1,Clear,2026,5,May,Sunday,90.68,35.18
2026-05-31,Kolkata,West Bengal,31.1,87.3,6.8,7.4,Rain,2026,5,May,Sunday,87.98,35.47
2026-05-31,Ahmedabad,Gujarat,34.2,38.8,20.9,0.1,Sunny,2026,5,May,Sunday,93.56,36.14
2026-05-31,Jaipur,Rajasthan,34.2,46.2,13.9,0.2,Clear,2026,5,May,Sunday,93.56,36.51
2026-05-31,Kochi,Kerala,26.0,86.9,11.3,15.0,Rain,2026,5,May,Sunday,78.8,30.34
2026-06-01,Bengaluru,Karnataka,25.5,73.2,14.9,9.5,Partly Cloudy,2026,6,June,Monday,77.9,29.16
2026-06-01,Hyderabad,Telangana,30.8,57.5,14.6,1.8,Clear,2026,6,June,Monday,87.44,33.67
2026-06-01,Chennai,Tamil Nadu,30.2,74.2,16.3,6.6,Cloudy,2026,6,June,Monday,86.36,33.91
2026-06-01,Pune,Maharashtra,27.8,64.1,7.3,1.0,Sunny,2026,6,June,Monday,82.04,31.01
2026-06-01,Mumbai,Maharashtra,27.8,84.1,14.1,12.8,Humid,2026,6,June,Monday,82.04,32.01
2026-06-01,Delhi,Delhi,31.7,52.7,15.0,0.4,Clear,2026,6,June,Monday,89.06,34.34
2026-06-01,Kolkata,West Bengal,29.6,76.2,7.5,7.2,Rain,2026,6,June,Monday,85.28,33.41
2026-06-01,Ahmedabad,Gujarat,33.5,46.1,16.9,0.5,Sunny,2026,6,June,Monday,92.3,35.8
2026-06-01,Jaipur,Rajasthan,33.7,37.0,17.4,0.3,Clear,2026,6,June,Monday,92.66,35.55
2026-06-01,Kochi,Kerala,26.0,90.2,13.0,8.0,Rain,2026,6,June,Monday,78.8,30.51
2026-06-02,Bengaluru,Karnataka,24.3,77.1,14.2,2.9,Partly Cloudy,2026,6,June,Tuesday,75.74,28.16
2026-06-02,Hyderabad,Telangana,30.1,64.8,15.3,3.3,Clear,2026,6,June,Tuesday,86.18,33.34
2026-06-02,Chennai,Tamil Nadu,32.8,67.6,20.3,9.8,Cloudy,2026,6,June,Tuesday,91.04,36.18
2026-06-02,Pune,Maharashtra,26.0,60.6,11.3,2.2,Sunny,2026,6,June,Tuesday,78.8,29.03
2026-06-02,Mumbai,Maharashtra,28.1,74.9,14.6,9.1,Humid,2026,6,June,Tuesday,82.58,31.85
2026-06-02,Delhi,Delhi,30.7,57.0,14.7,0.7,Clear,2026,6,June,Tuesday,87.26,33.55
2026-06-02,Kolkata,West Bengal,31.2,83.4,7.4,13.9,Rain,2026,6,June,Tuesday,88.16,35.37
2026-06-02,Ahmedabad,Gujarat,33.8,42.3,16.8,0.2,Sunny,2026,6,June,Tuesday,92.84,35.92
2026-06-02,Jaipur,Rajasthan,34.8,41.5,17.4,0.1,Clear,2026,6,June,Tuesday,94.64,36.88
2026-06-02,Kochi,Kerala,25.6,81.9,13.4,6.7,Rain,2026,6,June,Tuesday,78.08,29.7
2026-06-03,Bengaluru,Karnataka,24.6,75.5,9.7,8.5,Partly Cloudy,2026,6,June,Wednesday,76.28,28.38
2026-06-03,Hyderabad,Telangana,27.5,57.5,15.5,3.4,Clear,2026,6,June,Wednesday,81.5,30.38
2026-06-03,Chennai,Tamil Nadu,30.6,69.3,15.5,4.7,Cloudy,2026,6,June,Wednesday,87.08,34.06
2026-06-03,Pune,Maharashtra,25.8,62.0,11.5,2.1,Sunny,2026,6,June,Wednesday,78.44,28.9
2026-06-03,Mumbai,Maharashtra,28.1,80.8,13.9,7.2,Humid,2026,6,June,Wednesday,82.58,32.14
2026-06-03,Delhi,Delhi,31.4,49.0,13.8,0.6,Clear,2026,6,June,Wednesday,88.52,33.85
2026-06-03,Kolkata,West Bengal,29.7,78.0,11.9,11.9,Rain,2026,6,June,Wednesday,85.46,33.6
2026-06-03,Ahmedabad,Gujarat,32.8,43.3,21.7,0.5,Sunny,2026,6,June,Wednesday,91.04,34.96
2026-06-03,Jaipur,Rajasthan,33.5,42.9,17.7,0.1,Clear,2026,6,June,Wednesday,92.3,35.65
2026-06-03,Kochi,Kerala,26.3,78.4,11.1,18.0,Rain,2026,6,June,Wednesday,79.34,30.22
2026-06-04,Bengaluru,Karnataka,25.0,71.1,15.1,6.6,Partly Cloudy,2026,6,June,Thursday,77.0,28.56
2026-06-04,Hyderabad,Telangana,28.7,65.8,16.9,1.8,Clear,2026,6,June,Thursday,83.66,31.99
2026-06-04,Chennai,Tamil Nadu,29.5,71.9,19.7,9.8,Cloudy,2026,6,June,Thursday,85.1,33.1
2026-06-04,Pune,Maharashtra,27.5,55.3,10.3,1.0,Sunny,2026,6,June,Thursday,81.5,30.26
2026-06-04,Mumbai,Maharashtra,27.8,77.6,18.6,13.6,Humid,2026,6,June,Thursday,82.04,31.68
2026-06-04,Delhi,Delhi,34.0,51.7,15.2,0.5,Clear,2026,6,June,Thursday,93.2,36.58
2026-06-04,Kolkata,West Bengal,32.2,83.0,11.9,8.7,Rain,2026,6,June,Thursday,89.96,36.35
2026-06-04,Ahmedabad,Gujarat,34.9,38.4,21.3,0.5,Sunny,2026,6,June,Thursday,94.82,36.82
2026-06-04,Jaipur,Rajasthan,33.3,46.6,13.8,0.3,Clear,2026,6,June,Thursday,91.94,35.63
2026-06-04,Kochi,Kerala,27.2,82.8,9.3,18.6,Rain,2026,6,June,Thursday,80.96,31.34
2026-06-05,Bengaluru,Karnataka,27.4,66.2,15.1,4.1,Partly Cloudy,2026,6,June,Friday,81.32,30.71
2026-06-05,Hyderabad,Telangana,28.8,59.8,15.0,3.4,Clear,2026,6,June,Friday,83.84,31.79
2026-06-05,Chennai,Tamil Nadu,32.8,71.9,17.5,2.7,Cloudy,2026,6,June,Friday,91.04,36.39
2026-06-05,Pune,Maharashtra,25.2,58.3,10.7,1.4,Sunny,2026,6,June,Friday,77.36,28.12
2026-06-05,Mumbai,Maharashtra,30.0,76.8,15.2,7.6,Humid,2026,6,June,Friday,86.0,33.84
2026-06-05,Delhi,Delhi,31.0,58.1,12.9,1.1,Clear,2026,6,June,Friday,87.8,33.9
2026-06-05,Kolkata,West Bengal,30.3,77.5,8.6,9.9,Rain,2026,6,June,Friday,86.54,34.17
2026-06-05,Ahmedabad,Gujarat,32.7,51.7,19.6,0.2,Sunny,2026,6,June,Friday,90.86,35.29
2026-06-05,Jaipur,Rajasthan,32.1,37.2,14.6,0.3,Clear,2026,6,June,Friday,89.78,33.96
2026-06-05,Kochi,Kerala,28.9,80.3,12.8,11.9,Rain,2026,6,June,Friday,84.02,32.92
2026-06-06,Bengaluru,Karnataka,26.7,72.5,9.5,2.6,Partly Cloudy,2026,6,June,Saturday,80.06,30.32
2026-06-06,Hyderabad,Telangana,30.0,63.6,13.8,3.5,Clear,2026,6,June,Saturday,86.0,33.18
2026-06-06,Chennai,Tamil Nadu,32.4,67.2,15.7,6.6,Cloudy,2026,6,June,Saturday,90.32,35.76
2026-06-06,Pune,Maharashtra,27.6,54.1,7.5,1.4,Sunny,2026,6,June,Saturday,81.68,30.3
2026-06-06,Mumbai,Maharashtra,26.3,81.3,16.9,5.9,Humid,2026,6,June,Saturday,79.34,30.36
2026-06-06,Delhi,Delhi,32.2,48.3,10.5,0.6,Clear,2026,6,June,Saturday,89.96,34.62
2026-06-06,Kolkata,West Bengal,31.9,80.3,11.0,7.8,Rain,2026,6,June,Saturday,89.42,35.92
2026-06-06,Ahmedabad,Gujarat,34.2,46.3,20.1,0.3,Sunny,2026,6,June,Saturday,93.56,36.52
2026-06-06,Jaipur,Rajasthan,34.2,37.7,18.3,0.3,Clear,2026,6,June,Saturday,93.56,36.08
2026-06-06,Kochi,Kerala,27.5,85.9,8.7,9.9,Rain,2026,6,June,Saturday,81.5,31.8
2026-06-07,Bengaluru,Karnataka,25.5,76.8,9.3,6.3,Partly Cloudy,2026,6,June,Sunday,77.9,29.34
2026-06-07,Hyderabad,Telangana,30.9,65.0,15.8,1.6,Clear,2026,6,June,Sunday,87.62,34.15
2026-06-07,Chennai,Tamil Nadu,30.1,72.9,17.1,8.0,Cloudy,2026,6,June,Sunday,86.18,33.75
2026-06-07,Pune,Maharashtra,26.5,61.6,10.6,2.1,Sunny,2026,6,June,Sunday,79.7,29.58
2026-06-07,Mumbai,Maharashtra,30.1,76.3,19.0,2.6,Humid,2026,6,June,Sunday,86.18,33.92
2026-06-07,Delhi,Delhi,34.0,45.4,12.7,0.9,Clear,2026,6,June,Sunday,93.2,36.27
2026-06-07,Kolkata,West Bengal,31.8,78.4,7.9,14.0,Rain,2026,6,June,Sunday,89.24,35.72
2026-06-07,Ahmedabad,Gujarat,33.3,48.6,19.1,0.1,Sunny,2026,6,June,Sunday,91.94,35.73
2026-06-07,Jaipur,Rajasthan,35.1,38.1,15.3,0.1,Clear,2026,6,June,Sunday,95.18,37.01
2026-06-07,Kochi,Kerala,26.5,86.3,12.7,15.6,Rain,2026,6,June,Sunday,79.7,30.82
2026-06-08,Bengaluru,Karnataka,26.4,75.3,13.2,4.0,Partly Cloudy,2026,6,June,Monday,79.52,30.16
2026-06-08,Hyderabad,Telangana,29.6,62.4,15.9,1.3,Clear,2026,6,June,Monday,85.28,32.72
2026-06-08,Chennai,Tamil Nadu,30.5,67.8,15.9,4.8,Cloudy,2026,6,June,Monday,86.9,33.89
2026-06-08,Pune,Maharashtra,28.1,59.1,8.2,2.0,Sunny,2026,6,June,Monday,82.58,31.06
2026-06-08,Mumbai,Maharashtra,26.7,81.5,14.0,3.6,Humid,2026,6,June,Monday,80.06,30.78
2026-06-08,Delhi,Delhi,31.6,52.2,11.0,1.6,Clear,2026,6,June,Monday,88.88,34.21
2026-06-08,Kolkata,West Bengal,32.5,78.0,11.2,12.8,Rain,2026,6,June,Monday,90.5,36.4
2026-06-08,Ahmedabad,Gujarat,33.4,41.6,21.9,0.5,Sunny,2026,6,June,Monday,92.12,35.48
2026-06-08,Jaipur,Rajasthan,32.1,39.6,14.4,0.1,Clear,2026,6,June,Monday,89.78,34.08
2026-06-08,Kochi,Kerala,27.3,89.6,8.2,19.3,Rain,2026,6,June,Monday,81.14,31.78
2026-06-09,Bengaluru,Karnataka,26.0,65.2,14.6,4.6,Partly Cloudy,2026,6,June,Tuesday,78.8,29.26
2026-06-09,Hyderabad,Telangana,28.4,55.6,13.7,1.0,Clear,2026,6,June,Tuesday,83.12,31.18
2026-06-09,Chennai,Tamil Nadu,30.0,66.5,18.8,5.6,Cloudy,2026,6,June,Tuesday,86.0,33.33
2026-06-09,Pune,Maharashtra,26.4,58.4,11.8,1.9,Sunny,2026,6,June,Tuesday,79.52,29.32
2026-06-09,Mumbai,Maharashtra,27.7,83.9,17.8,9.4,Humid,2026,6,June,Tuesday,81.86,31.9
2026-06-09,Delhi,Delhi,32.5,49.6,10.2,1.6,Clear,2026,6,June,Tuesday,90.5,34.98
2026-06-09,Kolkata,West Bengal,31.3,75.4,12.3,15.5,Rain,2026,6,June,Tuesday,88.34,35.07
2026-06-09,Ahmedabad,Gujarat,31.4,47.8,17.6,0.3,Sunny,2026,6,June,Tuesday,88.52,33.79
2026-06-09,Jaipur,Rajasthan,35.5,39.9,15.5,0.3,Clear,2026,6,June,Tuesday,95.9,37.49
2026-06-09,Kochi,Kerala,26.4,85.8,10.7,22.0,Rain,2026,6,June,Tuesday,79.52,30.69
2026-06-10,Bengaluru,Karnataka,25.5,75.0,9.4,4.6,Partly Cloudy,2026,6,June,Wednesday,77.9,29.25
2026-06-10,Hyderabad,Telangana,28.1,56.1,14.7,1.2,Clear,2026,6,June,Wednesday,82.58,30.9
2026-06-10,Chennai,Tamil Nadu,32.6,64.3,19.0,9.2,Cloudy,2026,6,June,Wednesday,90.68,35.82
2026-06-10,Pune,Maharashtra,25.8,54.0,11.8,1.4,Sunny,2026,6,June,Wednesday,78.44,28.5
2026-06-10,Mumbai,Maharashtra,30.1,75.7,15.5,14.2,Humid,2026,6,June,Wednesday,86.18,33.89
2026-06-10,Delhi,Delhi,32.1,58.5,14.7,0.6,Clear,2026,6,June,Wednesday,89.78,35.02
2026-06-10,Kolkata,West Bengal,31.1,87.2,7.4,14.9,Rain,2026,6,June,Wednesday,87.98,35.46
2026-06-10,Ahmedabad,Gujarat,34.4,48.5,19.8,0.1,Sunny,2026,6,June,Wednesday,93.92,36.82
2026-06-10,Jaipur,Rajasthan,36.0,36.4,17.2,0.3,Clear,2026,6,June,Wednesday,96.8,37.82
2026-06-10,Kochi,Kerala,27.0,86.6,10.6,17.7,Rain,2026,6,June,Wednesday,80.6,31.33
2026-06-11,Bengaluru,Karnataka,25.0,78.1,11.5,9.8,Partly Cloudy,2026,6,June,Thursday,77.0,28.9
2026-06-11,Hyderabad,Telangana,29.6,65.4,13.3,2.3,Clear,2026,6,June,Thursday,85.28,32.87
2026-06-11,Chennai,Tamil Nadu,29.6,69.8,15.8,9.2,Cloudy,2026,6,June,Thursday,85.28,33.09
2026-06-11,Pune,Maharashtra,28.1,57.0,13.0,2.4,Sunny,2026,6,June,Thursday,82.58,30.95
2026-06-11,Mumbai,Maharashtra,30.3,72.2,17.3,11.4,Humid,2026,6,June,Thursday,86.54,33.91
2026-06-11,Delhi,Delhi,33.2,45.2,14.9,1.0,Clear,2026,6,June,Thursday,91.76,35.46
2026-06-11,Kolkata,West Bengal,31.3,85.4,8.4,3.3,Rain,2026,6,June,Thursday,88.34,35.57
2026-06-11,Ahmedabad,Gujarat,35.1,41.8,16.4,0.2,Sunny,2026,6,June,Thursday,95.18,37.19
2026-06-11,Jaipur,Rajasthan,36.2,45.4,13.8,0.1,Clear,2026,6,June,Thursday,97.16,38.47
2026-06-11,Kochi,Kerala,29.4,86.3,11.6,6.2,Rain,2026,6,June,Thursday,84.92,33.71
2026-06-12,Bengaluru,Karnataka,26.6,78.3,9.2,6.0,Partly Cloudy,2026,6,June,Friday,79.88,30.52
2026-06-12,Hyderabad,Telangana,28.0,68.0,12.1,3.6,Clear,2026,6,June,Friday,82.4,31.4
2026-06-12,Chennai,Tamil Nadu,32.9,73.2,15.6,7.8,Cloudy,2026,6,June,Friday,91.22,36.56
2026-06-12,Pune,Maharashtra,27.4,57.9,8.1,1.5,Sunny,2026,6,June,Friday,81.32,30.3
2026-06-12,Mumbai,Maharashtra,29.8,72.8,18.4,7.6,Humid,2026,6,June,Friday,85.64,33.44
2026-06-12,Delhi,Delhi,31.9,48.3,12.2,1.3,Clear,2026,6,June,Friday,89.42,34.32
2026-06-12,Kolkata,West Bengal,31.3,86.5,9.8,10.2,Rain,2026,6,June,Friday,88.34,35.62
2026-06-12,Ahmedabad,Gujarat,35.4,41.0,16.3,0.2,Sunny,2026,6,June,Friday,95.72,37.45
2026-06-12,Jaipur,Rajasthan,33.6,36.7,15.0,0.1,Clear,2026,6,June,Friday,92.48,35.44
2026-06-12,Kochi,Kerala,29.5,83.8,13.4,16.7,Rain,2026,6,June,Friday,85.1,33.69
2026-06-13,Bengaluru,Karnataka,27.9,75.6,11.0,9.1,Partly Cloudy,2026,6,June,Saturday,82.22,31.68
2026-06-13,Hyderabad,Telangana,28.7,61.8,15.1,3.1,Clear,2026,6,June,Saturday,83.66,31.79
2026-06-13,Chennai,Tamil Nadu,30.3,67.8,20.2,8.7,Cloudy,2026,6,June,Saturday,86.54,33.69
2026-06-13,Pune,Maharashtra,29.4,52.7,8.5,0.6,Sunny,2026,6,June,Saturday,84.92,32.03
2026-06-13,Mumbai,Maharashtra,29.5,81.4,17.0,12.0,Humid,2026,6,June,Saturday,85.1,33.57
2026-06-13,Delhi,Delhi,33.0,52.9,14.9,1.3,Clear,2026,6,June,Saturday,91.4,35.65
2026-06-13,Kolkata,West Bengal,31.8,82.2,9.7,13.6,Rain,2026,6,June,Saturday,89.24,35.91
2026-06-13,Ahmedabad,Gujarat,33.8,39.8,18.8,0.3,Sunny,2026,6,June,Saturday,92.84,35.79
2026-06-13,Jaipur,Rajasthan,34.2,42.9,14.7,0.2,Clear,2026,6,June,Saturday,93.56,36.35
2026-06-13,Kochi,Kerala,27.6,82.2,13.9,5.4,Rain,2026,6,June,Saturday,81.68,31.71
2026-06-14,Bengaluru,Karnataka,25.2,75.1,11.6,6.3,Partly Cloudy,2026,6,June,Sunday,77.36,28.96
2026-06-14,Hyderabad,Telangana,30.3,59.1,12.9,0.7,Clear,2026,6,June,Sunday,86.54,33.26
2026-06-14,Chennai,Tamil Nadu,33.2,76.1,17.0,5.8,Cloudy,2026,6,June,Sunday,91.76,37.01
2026-06-14,Pune,Maharashtra,26.9,51.8,12.6,2.2,Sunny,2026,6,June,Sunday,80.42,29.49
2026-06-14,Mumbai,Maharashtra,27.7,74.6,17.3,12.3,Humid,2026,6,June,Sunday,81.86,31.43
2026-06-14,Delhi,Delhi,32.9,50.4,10.8,1.5,Clear,2026,6,June,Sunday,91.22,35.42
2026-06-14,Kolkata,West Bengal,32.7,86.0,7.4,11.3,Rain,2026,6,June,Sunday,90.86,37.0
2026-06-14,Ahmedabad,Gujarat,35.6,48.0,19.0,0.2,Sunny,2026,6,June,Sunday,96.08,38.0
2026-06-14,Jaipur,Rajasthan,32.8,45.2,12.9,0.3,Clear,2026,6,June,Sunday,91.04,35.06
2026-06-14,Kochi,Kerala,28.7,83.6,13.4,21.1,Rain,2026,6,June,Sunday,83.66,32.88
2026-06-15,Bengaluru,Karnataka,27.7,66.4,12.7,6.1,Partly Cloudy,2026,6,June,Monday,81.86,31.02
2026-06-15,Hyderabad,Telangana,29.0,67.0,15.9,1.0,Clear,2026,6,June,Monday,84.2,32.35
2026-06-15,Chennai,Tamil Nadu,30.7,67.8,18.7,4.6,Cloudy,2026,6,June,Monday,87.26,34.09
2026-06-15,Pune,Maharashtra,27.5,62.4,8.3,1.9,Sunny,2026,6,June,Monday,81.5,30.62
2026-06-15,Mumbai,Maharashtra,28.1,84.2,18.8,6.5,Humid,2026,6,June,Monday,82.58,32.31
2026-06-15,Delhi,Delhi,33.5,46.6,11.9,1.2,Clear,2026,6,June,Monday,92.3,35.83
2026-06-15,Kolkata,West Bengal,31.8,78.8,6.9,4.6,Rain,2026,6,June,Monday,89.24,35.74
2026-06-15,Ahmedabad,Gujarat,33.9,40.4,18.0,0.4,Sunny,2026,6,June,Monday,93.02,35.92
2026-06-15,Jaipur,Rajasthan,36.2,42.2,14.0,0.2,Clear,2026,6,June,Monday,97.16,38.31
2026-06-15,Kochi,Kerala,27.2,88.0,9.0,8.6,Rain,2026,6,June,Monday,80.96,31.6
2026-06-16,Bengaluru,Karnataka,27.0,77.7,10.2,3.8,Partly Cloudy,2026,6,June,Tuesday,80.6,30.88
2026-06-16,Hyderabad,Telangana,28.6,57.0,13.5,1.9,Clear,2026,6,June,Tuesday,83.48,31.45
2026-06-16,Chennai,Tamil Nadu,32.9,68.7,18.2,5.2,Cloudy,2026,6,June,Tuesday,91.22,36.34
2026-06-16,Pune,Maharashtra,28.9,63.6,9.8,2.4,Sunny,2026,6,June,Tuesday,84.02,32.08
2026-06-16,Mumbai,Maharashtra,27.9,84.7,16.3,10.8,Humid,2026,6,June,Tuesday,82.22,32.14
2026-06-16,Delhi,Delhi,32.7,48.8,10.2,1.6,Clear,2026,6,June,Tuesday,90.86,35.14
2026-06-16,Kolkata,West Bengal,30.8,83.8,9.5,10.4,Rain,2026,6,June,Tuesday,87.44,34.99
2026-06-16,Ahmedabad,Gujarat,32.6,40.5,18.2,0.4,Sunny,2026,6,June,Tuesday,90.68,34.62
2026-06-16,Jaipur,Rajasthan,34.9,35.0,16.8,0.2,Clear,2026,6,June,Tuesday,94.82,36.65
2026-06-16,Kochi,Kerala,26.5,80.6,9.4,19.0,Rain,2026,6,June,Tuesday,79.7,30.53
2026-06-17,Bengaluru,Karnataka,27.6,69.6,10.7,4.8,Partly Cloudy,2026,6,June,Wednesday,81.68,31.08
2026-06-17,Hyderabad,Telangana,29.3,58.8,16.2,3.1,Clear,2026,6,June,Wednesday,84.74,32.24
2026-06-17,Chennai,Tamil Nadu,32.8,75.4,19.2,2.7,Cloudy,2026,6,June,Wednesday,91.04,36.57
2026-06-17,Pune,Maharashtra,26.0,53.3,8.7,1.5,Sunny,2026,6,June,Wednesday,78.8,28.66
2026-06-17,Mumbai,Maharashtra,30.3,79.2,15.7,5.4,Humid,2026,6,June,Wednesday,86.54,34.26
2026-06-17,Delhi,Delhi,35.2,55.5,11.4,0.4,Clear,2026,6,June,Wednesday,95.36,37.98
2026-06-17,Kolkata,West Bengal,33.4,77.6,11.8,4.5,Rain,2026,6,June,Wednesday,92.12,37.28
2026-06-17,Ahmedabad,Gujarat,34.5,43.0,21.5,0.2,Sunny,2026,6,June,Wednesday,94.1,36.65
2026-06-17,Jaipur,Rajasthan,33.2,37.8,17.3,0.4,Clear,2026,6,June,Wednesday,91.76,35.09
2026-06-17,Kochi,Kerala,28.8,86.5,9.8,8.8,Rain,2026,6,June,Wednesday,83.84,33.12
2026-06-18,Bengaluru,Karnataka,25.8,78.8,9.5,7.9,Partly Cloudy,2026,6,June,Thursday,78.44,29.74
2026-06-18,Hyderabad,Telangana,29.7,56.6,14.1,3.6,Clear,2026,6,June,Thursday,85.46,32.53
2026-06-18,Chennai,Tamil Nadu,31.0,65.3,19.1,7.5,Cloudy,2026,6,June,Thursday,87.8,34.26
2026-06-18,Pune,Maharashtra,28.0,53.5,12.4,0.7,Sunny,2026,6,June,Thursday,82.4,30.68
2026-06-18,Mumbai,Maharashtra,27.7,74.4,16.2,8.3,Humid,2026,6,June,Thursday,81.86,31.42
2026-06-18,Delhi,Delhi,33.6,55.2,14.8,1.0,Clear,2026,6,June,Thursday,92.48,36.36
2026-06-18,Kolkata,West Bengal,29.7,85.6,6.8,7.4,Rain,2026,6,June,Thursday,85.46,33.98
2026-06-18,Ahmedabad,Gujarat,32.5,46.4,20.9,0.1,Sunny,2026,6,June,Thursday,90.5,34.82
2026-06-18,Jaipur,Rajasthan,34.0,46.9,16.6,0.1,Clear,2026,6,June,Thursday,93.2,36.34
2026-06-18,Kochi,Kerala,29.1,88.1,10.6,6.6,Rain,2026,6,June,Thursday,84.38,33.51
2026-06-19,Bengaluru,Karnataka,28.2,69.5,10.0,3.6,Partly Cloudy,2026,6,June,Friday,82.76,31.68
2026-06-19,Hyderabad,Telangana,30.0,55.8,13.8,2.4,Clear,2026,6,June,Friday,86.0,32.79
2026-06-19,Chennai,Tamil Nadu,32.4,68.7,20.1,2.5,Cloudy,2026,6,June,Friday,90.32,35.84
2026-06-19,Pune,Maharashtra,27.4,64.1,12.4,2.4,Sunny,2026,6,June,Friday,81.32,30.6
2026-06-19,Mumbai,Maharashtra,30.2,78.5,17.8,9.5,Humid,2026,6,June,Friday,86.36,34.12
2026-06-19,Delhi,Delhi,31.9,48.6,10.0,1.6,Clear,2026,6,June,Friday,89.42,34.33
2026-06-19,Kolkata,West Bengal,30.9,79.7,9.9,4.3,Rain,2026,6,June,Friday,87.62,34.88
2026-06-19,Ahmedabad,Gujarat,34.9,49.1,21.0,0.5,Sunny,2026,6,June,Friday,94.82,37.35
2026-06-19,Jaipur,Rajasthan,34.2,37.0,17.1,0.3,Clear,2026,6,June,Friday,93.56,36.05
2026-06-19,Kochi,Kerala,27.9,81.8,9.0,19.2,Rain,2026,6,June,Friday,82.22,31.99
2026-06-20,Bengaluru,Karnataka,27.5,76.4,11.2,5.1,Partly Cloudy,2026,6,June,Saturday,81.5,31.32
2026-06-20,Hyderabad,Telangana,30.5,64.4,16.8,1.7,Clear,2026,6,June,Saturday,86.9,33.72
2026-06-20,Chennai,Tamil Nadu,33.0,68.7,20.5,8.4,Cloudy,2026,6,June,Saturday,91.4,36.44
2026-06-20,Pune,Maharashtra,28.4,56.1,8.8,2.3,Sunny,2026,6,June,Saturday,83.12,31.2
2026-06-20,Mumbai,Maharashtra,30.4,75.3,13.6,4.9,Humid,2026,6,June,Saturday,86.72,34.16
2026-06-20,Delhi,Delhi,35.4,45.5,14.3,1.1,Clear,2026,6,June,Saturday,95.72,37.67
2026-06-20,Kolkata,West Bengal,32.0,81.6,9.2,10.8,Rain,2026,6,June,Saturday,89.6,36.08
2026-06-20,Ahmedabad,Gujarat,32.5,50.9,16.8,0.2,Sunny,2026,6,June,Saturday,90.5,35.04
2026-06-20,Jaipur,Rajasthan,35.7,44.0,17.3,0.3,Clear,2026,6,June,Saturday,96.26,37.9
2026-06-20,Kochi,Kerala,30.3,77.7,8.2,8.1,Rain,2026,6,June,Saturday,86.54,34.18
2026-06-21,Bengaluru,Karnataka,28.8,67.1,12.4,9.5,Partly Cloudy,2026,6,June,Sunday,83.84,32.16
2026-06-21,Hyderabad,Telangana,29.2,61.4,16.9,3.0,Clear,2026,6,June,Sunday,84.56,32.27
2026-06-21,Chennai,Tamil Nadu,31.9,69.7,17.0,10.1,Cloudy,2026,6,June,Sunday,89.42,35.38
2026-06-21,Pune,Maharashtra,29.4,60.5,9.0,2.0,Sunny,2026,6,June,Sunday,84.92,32.42
2026-06-21,Mumbai,Maharashtra,29.3,82.2,15.3,13.3,Humid,2026,6,June,Sunday,84.74,33.41
2026-06-21,Delhi,Delhi,34.4,51.3,12.8,1.5,Clear,2026,6,June,Sunday,93.92,36.96
2026-06-21,Kolkata,West Bengal,31.9,87.4,6.7,15.6,Rain,2026,6,June,Sunday,89.42,36.27
2026-06-21,Ahmedabad,Gujarat,35.1,44.9,21.3,0.2,Sunny,2026,6,June,Sunday,95.18,37.34
2026-06-21,Jaipur,Rajasthan,34.5,45.0,17.4,0.2,Clear,2026,6,June,Sunday,94.1,36.75
2026-06-21,Kochi,Kerala,30.6,86.1,8.4,6.0,Rain,2026,6,June,Sunday,87.08,34.9
2026-06-22,Bengaluru,Karnataka,26.1,73.0,11.1,4.5,Partly Cloudy,2026,6,June,Monday,78.98,29.75
2026-06-22,Hyderabad,Telangana,30.4,55.1,17.0,3.3,Clear,2026,6,June,Monday,86.72,33.16
2026-06-22,Chennai,Tamil Nadu,32.7,69.2,17.2,7.0,Cloudy,2026,6,June,Monday,90.86,36.16
2026-06-22,Pune,Maharashtra,27.7,64.7,12.9,1.9,Sunny,2026,6,June,Monday,81.86,30.94
2026-06-22,Mumbai,Maharashtra,30.7,72.1,13.8,6.7,Humid,2026,6,June,Monday,87.26,34.3
2026-06-22,Delhi,Delhi,32.2,50.9,15.3,1.6,Clear,2026,6,June,Monday,89.96,34.75
2026-06-22,Kolkata,West Bengal,33.8,77.1,8.0,3.2,Rain,2026,6,June,Monday,92.84,37.65
2026-06-22,Ahmedabad,Gujarat,33.4,38.8,19.4,0.2,Sunny,2026,6,June,Monday,92.12,35.34
2026-06-22,Jaipur,Rajasthan,35.9,42.9,16.1,0.1,Clear,2026,6,June,Monday,96.62,38.04
2026-06-22,Kochi,Kerala,29.7,86.6,12.4,12.5,Rain,2026,6,June,Monday,85.46,34.03
2026-06-23,Bengaluru,Karnataka,27.8,69.0,9.4,6.5,Partly Cloudy,2026,6,June,Tuesday,82.04,31.25
2026-06-23,Hyderabad,Telangana,31.2,56.6,16.7,3.4,Clear,2026,6,June,Tuesday,88.16,34.03
2026-06-23,Chennai,Tamil Nadu,33.9,74.4,18.2,3.3,Cloudy,2026,6,June,Tuesday,93.02,37.62
2026-06-23,Pune,Maharashtra,27.5,61.3,13.1,0.7,Sunny,2026,6,June,Tuesday,81.5,30.56
2026-06-23,Mumbai,Maharashtra,27.5,75.9,15.2,9.8,Humid,2026,6,June,Tuesday,81.5,31.3
2026-06-23,Delhi,Delhi,32.3,56.8,11.4,1.7,Clear,2026,6,June,Tuesday,90.14,35.14
2026-06-23,Kolkata,West Bengal,31.3,78.3,7.8,16.6,Rain,2026,6,June,Tuesday,88.34,35.22
2026-06-23,Ahmedabad,Gujarat,34.8,49.6,16.6,0.3,Sunny,2026,6,June,Tuesday,94.64,37.28
2026-06-23,Jaipur,Rajasthan,36.2,48.8,18.1,0.1,Clear,2026,6,June,Tuesday,97.16,38.64
2026-06-23,Kochi,Kerala,28.3,91.0,11.3,21.5,Rain,2026,6,June,Tuesday,82.94,32.85
2026-06-24,Bengaluru,Karnataka,27.0,65.4,14.9,4.5,Partly Cloudy,2026,6,June,Wednesday,80.6,30.27
2026-06-24,Hyderabad,Telangana,31.1,59.0,15.0,3.6,Clear,2026,6,June,Wednesday,87.98,34.05
2026-06-24,Chennai,Tamil Nadu,34.4,75.3,16.8,8.9,Cloudy,2026,6,June,Wednesday,93.92,38.16
2026-06-24,Pune,Maharashtra,26.6,56.8,12.9,1.0,Sunny,2026,6,June,Wednesday,79.88,29.44
2026-06-24,Mumbai,Maharashtra,29.1,79.1,14.5,11.2,Humid,2026,6,June,Wednesday,84.38,33.06
2026-06-24,Delhi,Delhi,34.5,46.3,14.9,0.4,Clear,2026,6,June,Wednesday,94.1,36.82
2026-06-24,Kolkata,West Bengal,32.9,78.9,7.6,4.0,Rain,2026,6,June,Wednesday,91.22,36.84
2026-06-24,Ahmedabad,Gujarat,36.5,49.2,19.0,0.4,Sunny,2026,6,June,Wednesday,97.7,38.96
2026-06-24,Jaipur,Rajasthan,37.3,48.0,15.7,0.1,Clear,2026,6,June,Wednesday,99.14,39.7
2026-06-24,Kochi,Kerala,29.0,90.7,12.5,16.2,Rain,2026,6,June,Wednesday,84.2,33.53
2026-06-25,Bengaluru,Karnataka,29.5,70.7,12.6,10.2,Partly Cloudy,2026,6,June,Thursday,85.1,33.03
2026-06-25,Hyderabad,Telangana,29.7,66.0,11.6,2.3,Clear,2026,6,June,Thursday,85.46,33.0
2026-06-25,Chennai,Tamil Nadu,33.0,65.0,20.8,5.6,Cloudy,2026,6,June,Thursday,91.4,36.25
2026-06-25,Pune,Maharashtra,27.3,56.8,10.7,1.3,Sunny,2026,6,June,Thursday,81.14,30.14
2026-06-25,Mumbai,Maharashtra,27.7,72.3,17.4,4.1,Humid,2026,6,June,Thursday,81.86,31.32
2026-06-25,Delhi,Delhi,33.0,56.3,14.6,1.6,Clear,2026,6,June,Thursday,91.4,35.82
2026-06-25,Kolkata,West Bengal,30.9,74.1,11.2,11.4,Rain,2026,6,June,Thursday,87.62,34.6
2026-06-25,Ahmedabad,Gujarat,34.1,38.3,18.8,0.2,Sunny,2026,6,June,Thursday,93.38,36.02
2026-06-25,Jaipur,Rajasthan,35.9,48.7,13.8,0.1,Clear,2026,6,June,Thursday,96.62,38.34
2026-06-25,Kochi,Kerala,29.8,78.5,9.4,11.9,Rain,2026,6,June,Thursday,85.64,33.72
2026-06-26,Bengaluru,Karnataka,30.1,69.5,11.1,6.6,Partly Cloudy,2026,6,June,Friday,86.18,33.58
2026-06-26,Hyderabad,Telangana,29.7,59.6,15.7,1.7,Clear,2026,6,June,Friday,85.46,32.68
2026-06-26,Chennai,Tamil Nadu,34.0,65.6,15.9,7.2,Cloudy,2026,6,June,Friday,93.2,37.28
2026-06-26,Pune,Maharashtra,28.5,63.9,7.8,2.0,Sunny,2026,6,June,Friday,83.3,31.7
2026-06-26,Mumbai,Maharashtra,30.5,76.2,13.9,10.0,Humid,2026,6,June,Friday,86.9,34.31
2026-06-26,Delhi,Delhi,35.1,51.6,12.2,1.3,Clear,2026,6,June,Friday,95.18,37.68
2026-06-26,Kolkata,West Bengal,32.7,79.9,7.8,9.5,Rain,2026,6,June,Friday,90.86,36.7
2026-06-26,Ahmedabad,Gujarat,34.9,50.6,22.2,0.3,Sunny,2026,6,June,Friday,94.82,37.43
2026-06-26,Jaipur,Rajasthan,34.9,38.1,16.3,0.3,Clear,2026,6,June,Friday,94.82,36.8
2026-06-26,Kochi,Kerala,28.1,86.7,14.1,11.0,Rain,2026,6,June,Friday,82.58,32.44
2026-06-27,Bengaluru,Karnataka,30.1,71.1,13.1,10.4,Partly Cloudy,2026,6,June,Saturday,86.18,33.66
2026-06-27,Hyderabad,Telangana,29.9,58.8,17.4,0.8,Clear,2026,6,June,Saturday,85.82,32.84
2026-06-27,Chennai,Tamil Nadu,32.1,69.7,19.8,7.2,Cloudy,2026,6,June,Saturday,89.78,35.58
2026-06-27,Pune,Maharashtra,30.5,60.4,7.2,0.6,Sunny,2026,6,June,Saturday,86.9,33.52
2026-06-27,Mumbai,Maharashtra,28.0,77.0,13.3,8.9,Humid,2026,6,June,Saturday,82.4,31.85
2026-06-27,Delhi,Delhi,34.7,47.8,14.5,0.9,Clear,2026,6,June,Saturday,94.46,37.09
2026-06-27,Kolkata,West Bengal,34.2,79.0,10.4,10.6,Rain,2026,6,June,Saturday,93.56,38.15
2026-06-27,Ahmedabad,Gujarat,33.9,48.9,16.2,0.2,Sunny,2026,6,June,Saturday,93.02,36.34
2026-06-27,Jaipur,Rajasthan,35.0,47.4,15.5,0.1,Clear,2026,6,June,Saturday,95.0,37.37
2026-06-27,Kochi,Kerala,28.4,85.5,13.0,5.7,Rain,2026,6,June,Saturday,83.12,32.67
2026-06-28,Bengaluru,Karnataka,29.5,70.5,12.3,6.1,Partly Cloudy,2026,6,June,Sunday,85.1,33.02
2026-06-28,Hyderabad,Telangana,30.9,67.9,17.0,3.5,Clear,2026,6,June,Sunday,87.62,34.3
2026-06-28,Chennai,Tamil Nadu,33.9,72.8,16.1,2.0,Cloudy,2026,6,June,Sunday,93.02,37.54
2026-06-28,Pune,Maharashtra,30.2,60.4,11.0,1.1,Sunny,2026,6,June,Sunday,86.36,33.22
2026-06-28,Mumbai,Maharashtra,29.1,83.9,16.3,2.7,Humid,2026,6,June,Sunday,84.38,33.3
2026-06-28,Delhi,Delhi,33.7,49.9,9.8,1.8,Clear,2026,6,June,Sunday,92.66,36.2
2026-06-28,Kolkata,West Bengal,34.1,85.4,6.7,8.8,Rain,2026,6,June,Sunday,93.38,38.37
2026-06-28,Ahmedabad,Gujarat,33.3,48.2,21.1,0.4,Sunny,2026,6,June,Sunday,91.94,35.71
2026-06-28,Jaipur,Rajasthan,37.0,36.7,12.6,0.1,Clear,2026,6,June,Sunday,98.6,38.84
2026-06-28,Kochi,Kerala,30.7,88.6,11.2,8.1,Rain,2026,6,June,Sunday,87.26,35.13
2026-06-29,Bengaluru,Karnataka,29.9,66.7,11.1,2.0,Partly Cloudy,2026,6,June,Monday,85.82,33.24
2026-06-29,Hyderabad,Telangana,33.2,59.8,16.1,3.2,Clear,2026,6,June,Monday,91.76,36.19
2026-06-29,Chennai,Tamil Nadu,33.4,76.8,19.9,9.8,Cloudy,2026,6,June,Monday,92.12,37.24
2026-06-29,Pune,Maharashtra,30.8,52.1,11.7,0.9,Sunny,2026,6,June,Monday,87.44,33.4
2026-06-29,Mumbai,Maharashtra,29.4,75.8,19.0,3.2,Humid,2026,6,June,Monday,84.92,33.19
2026-06-29,Delhi,Delhi,34.1,46.8,15.4,1.0,Clear,2026,6,June,Monday,93.38,36.44
2026-06-29,Kolkata,West Bengal,33.4,81.3,11.3,7.6,Rain,2026,6,June,Monday,92.12,37.46
2026-06-29,Ahmedabad,Gujarat,34.6,48.4,20.4,0.5,Sunny,2026,6,June,Monday,94.28,37.02
2026-06-29,Jaipur,Rajasthan,35.1,46.9,16.9,0.2,Clear,2026,6,June,Monday,95.18,37.44
2026-06-29,Kochi,Kerala,29.0,84.9,8.6,5.5,Rain,2026,6,June,Monday,84.2,33.24
